Timestamp,Vehicle_ID,Speed (Km/h),Distance (Km),SoC (%),Acceleration (m/s²),Braking (m/s²),Terrain,Temperature (°C),Wind Speed (km/h),Elevation (m),Weather
2025-04-22 06:00:00,EV101,66.07,5.51,81.58,0.68,0.57,Downhill,27.57,13.54,296.35,Rainy
2025-04-22 06:05:00,EV101,37.95,3.16,81.11,0.84,0.14,Hilly,38.89,7.01,297.55,Foggy
2025-04-22 06:10:00,EV101,21.95,1.83,80.7,0.65,0.44,Flat,36.17,9.29,300.26,Clear
2025-04-22 06:15:00,EV101,38.94,3.25,80.47,0.57,0.17,Flat,38.04,15.79,300.28,Rainy
2025-04-22 06:20:00,EV101,42.63,3.55,80.31,0.55,0.57,Uphill,29.6,11.95,300.28,Rainy
2025-04-22 06:25:00,EV101,50.09,4.17,80.03,0.4,0.32,Downhill,37.25,13.99,302.2,Foggy
2025-04-22 06:30:00,EV101,43.99,3.67,79.63,0.03,0.07,Hilly,27.29,10.55,305.0,Sunny
2025-04-22 06:35:00,EV101,43.83,3.65,79.17,0.16,0.14,Downhill,30.5,5.62,304.77,Foggy
2025-04-22 06:40:00,EV101,38.98,3.25,78.93,0.27,0.18,Downhill,33.04,7.75,302.63,Rainy
2025-04-22 06:45:00,EV101,53.86,4.49,78.64,0.17,0.35,Downhill,26.31,13.97,303.8,Cloudy
2025-04-22 06:50:00,EV101,35.95,3.0,78.22,0.4,0.53,Flat,31.07,9.3,306.9,Cloudy
2025-04-22 06:55:00,EV101,50.38,4.2,77.93,0.66,0.39,Flat,29.89,18.56,306.49,Cloudy
2025-04-22 07:00:00,EV101,49.23,4.1,77.48,0.53,0.3,Downhill,28.1,11.82,301.99,Sunny
2025-04-22 07:05:00,EV101,41.46,3.45,77.08,0.35,0.31,Uphill,31.83,8.68,304.57,Foggy
2025-04-22 07:10:00,EV101,61.12,5.09,76.74,0.4,0.2,Downhill,39.54,11.34,303.1,Cloudy
2025-04-22 07:15:00,EV101,47.28,3.94,76.5,0.9,0.34,Downhill,25.78,18.93,300.55,Foggy
2025-04-22 07:20:00,EV101,48.27,4.02,76.16,0.52,0.28,Uphill,25.61,7.46,301.82,Cloudy
2025-04-22 07:25:00,EV101,55.01,4.58,76.05,0.2,0.31,Downhill,33.7,10.64,303.94,Cloudy
2025-04-22 07:30:00,EV101,46.91,3.91,75.74,0.72,0.23,Uphill,30.86,9.85,308.15,Foggy
2025-04-22 07:35:00,EV101,51.37,4.28,75.59,0.62,0.16,Flat,35.97,19.7,308.9,Clear
2025-04-22 07:40:00,EV101,37.94,3.16,75.17,0.36,0.22,Hilly,30.9,8.09,304.07,Foggy
2025-04-22 07:45:00,EV101,52.63,4.39,74.99,0.27,0.38,Uphill,37.99,9.48,303.83,Cloudy
2025-04-22 07:50:00,EV101,38.43,3.2,74.56,0.53,0.35,Uphill,32.46,14.35,300.8,Rainy
2025-04-22 07:55:00,EV101,16.67,1.39,74.35,0.79,0.21,Hilly,28.77,8.6,299.56,Clear
2025-04-22 08:00:00,EV101,43.17,3.6,73.85,1.01,0.35,Uphill,32.99,9.13,303.55,Foggy
2025-04-22 08:05:00,EV101,50.49,4.21,73.6,0.47,0.21,Uphill,28.97,8.31,303.26,Rainy
2025-04-22 08:10:00,EV101,33.71,2.81,73.14,0.69,0.07,Flat,38.03,8.09,302.29,Sunny
2025-04-22 08:15:00,EV101,34.78,2.9,72.8,0.59,0.35,Downhill,34.31,8.1,305.31,Cloudy
2025-04-22 08:20:00,EV101,39.31,3.28,72.48,0.36,0.37,Hilly,32.54,5.4,301.66,Sunny
2025-04-22 08:25:00,EV101,42.6,3.55,72.2,0.47,0.58,Uphill,33.38,15.29,301.56,Cloudy
2025-04-22 08:30:00,EV101,51.74,4.31,72.09,0.27,0.61,Hilly,39.3,7.9,298.06,Cloudy
2025-04-22 08:35:00,EV101,42.82,3.57,71.67,0.77,0.0,Flat,29.38,9.31,293.67,Rainy
2025-04-22 08:40:00,EV101,36.46,3.04,71.3,0.41,0.1,Hilly,30.36,17.71,297.86,Cloudy
2025-04-22 08:45:00,EV101,36.4,3.03,70.83,0.64,0.07,Hilly,31.05,11.7,296.32,Clear
2025-04-22 08:50:00,EV101,33.25,2.77,70.66,0.29,0.38,Flat,27.42,18.15,293.16,Sunny
2025-04-22 08:55:00,EV101,57.2,4.77,70.41,0.6,0.1,Uphill,37.92,14.22,288.28,Clear
2025-04-22 09:00:00,EV101,44.19,3.68,70.1,0.08,0.51,Downhill,39.04,12.66,288.36,Rainy
2025-04-22 09:05:00,EV101,36.54,3.04,69.62,0.93,0.41,Downhill,25.27,8.21,287.52,Sunny
2025-04-22 09:10:00,EV101,74.87,6.24,69.45,0.54,0.32,Uphill,31.71,9.76,288.07,Rainy
2025-04-22 09:15:00,EV101,43.11,3.59,69.18,0.47,0.11,Uphill,31.05,15.21,287.35,Sunny
2025-04-22 09:20:00,EV101,34.83,2.9,68.94,0.2,0.12,Uphill,32.14,17.55,284.34,Foggy
2025-04-22 09:25:00,EV101,54.85,4.57,68.73,0.25,0.37,Uphill,32.3,6.86,286.41,Cloudy
2025-04-22 09:30:00,EV101,45.75,3.81,68.34,0.37,0.13,Uphill,34.96,18.91,281.99,Clear
2025-04-22 09:35:00,EV101,42.55,3.55,68.16,0.62,0.32,Hilly,28.76,17.82,279.24,Cloudy
2025-04-22 09:40:00,EV101,47.97,4.0,67.88,0.75,0.27,Downhill,37.14,8.12,277.26,Sunny
2025-04-22 09:45:00,EV101,34.8,2.9,67.46,0.46,0.35,Hilly,26.96,17.32,279.62,Clear
2025-04-22 09:50:00,EV101,41.7,3.48,67.19,0.72,0.22,Uphill,36.56,13.11,276.24,Clear
2025-04-22 09:55:00,EV101,32.24,2.69,66.71,0.63,0.15,Flat,25.83,18.6,280.64,Rainy
2025-04-22 10:00:00,EV101,32.11,2.68,66.55,0.74,0.27,Hilly,33.09,5.84,284.95,Sunny
2025-04-22 10:05:00,EV101,30.41,2.53,66.42,0.73,0.06,Flat,26.15,11.89,280.13,Sunny
2025-04-22 10:10:00,EV101,26.07,2.17,66.08,0.8,0.52,Downhill,25.71,5.54,282.31,Rainy
2025-04-22 10:15:00,EV101,34.55,2.88,65.81,0.4,0.62,Hilly,33.35,17.41,280.78,Rainy
2025-04-22 10:20:00,EV101,28.23,2.35,65.51,0.62,0.0,Uphill,38.21,5.72,279.23,Foggy
2025-04-22 10:25:00,EV101,63.5,5.29,65.4,0.31,0.37,Flat,25.1,13.94,274.29,Cloudy
2025-04-22 10:30:00,EV101,58.98,4.91,65.17,0.59,0.41,Uphill,32.79,15.34,269.53,Cloudy
2025-04-22 10:35:00,EV101,52.8,4.4,64.96,0.37,0.44,Flat,36.11,10.84,271.48,Sunny
2025-04-22 10:40:00,EV101,62.51,5.21,64.73,0.45,0.18,Downhill,32.74,5.16,274.79,Sunny
2025-04-22 10:45:00,EV101,49.09,4.09,64.58,0.31,0.15,Flat,27.32,12.21,274.78,Cloudy
2025-04-22 10:50:00,EV101,31.27,2.61,64.18,0.21,0.61,Flat,29.6,17.59,279.3,Cloudy
2025-04-22 10:55:00,EV101,53.09,4.42,63.87,0.92,0.25,Uphill,38.49,16.42,277.49,Cloudy
2025-04-22 11:00:00,EV101,20.12,1.68,63.75,0.66,0.38,Uphill,29.41,16.55,273.76,Cloudy
2025-04-22 11:05:00,EV101,52.33,4.36,63.5,0.19,0.19,Downhill,37.21,5.24,269.66,Rainy
2025-04-22 11:10:00,EV101,45.99,3.83,63.1,0.58,0.12,Uphill,30.72,16.52,274.52,Foggy
2025-04-22 11:15:00,EV101,31.95,2.66,62.82,0.39,0.22,Uphill,35.72,15.94,276.93,Rainy
2025-04-22 11:20:00,EV101,29.21,2.43,62.69,0.5,0.45,Uphill,27.75,5.02,280.87,Foggy
2025-04-22 11:25:00,EV101,46.03,3.84,62.53,0.43,0.21,Flat,34.28,12.52,285.31,Rainy
2025-04-22 11:30:00,EV101,54.2,4.52,62.03,0.33,0.08,Downhill,33.2,7.57,282.48,Sunny
2025-04-22 11:35:00,EV101,39.94,3.33,61.9,0.51,0.61,Hilly,25.87,16.39,285.04,Foggy
2025-04-22 11:40:00,EV101,62.59,5.22,61.5,0.19,0.34,Downhill,28.07,10.85,288.31,Cloudy
2025-04-22 11:45:00,EV101,22.37,1.86,61.13,0.41,0.37,Hilly,34.87,7.48,292.97,Sunny
2025-04-22 11:50:00,EV101,53.54,4.46,60.66,0.85,0.28,Flat,25.66,5.04,294.33,Rainy
2025-04-22 11:55:00,EV101,50.46,4.2,60.36,0.43,0.0,Hilly,32.22,6.64,299.25,Foggy
2025-04-22 12:00:00,EV101,38.23,3.19,60.0,0.79,0.32,Uphill,32.24,7.75,297.0,Clear
2025-04-22 12:05:00,EV101,34.54,2.88,59.51,0.48,0.17,Flat,25.05,14.77,292.73,Foggy
2025-04-22 12:10:00,EV101,48.37,4.03,59.13,0.45,0.0,Hilly,33.18,5.63,289.02,Rainy
2025-04-22 12:15:00,EV101,45.52,3.79,58.94,0.56,0.29,Flat,30.37,18.21,289.67,Sunny
2025-04-22 12:20:00,EV101,42.5,3.54,58.81,0.44,0.17,Flat,25.07,11.62,285.12,Rainy
2025-04-22 12:25:00,EV101,27.25,2.27,58.42,0.51,0.71,Hilly,30.19,16.41,280.33,Sunny
2025-04-22 12:30:00,EV101,37.25,3.1,57.94,0.48,0.3,Flat,27.23,14.5,283.4,Sunny
2025-04-22 12:35:00,EV101,40.09,3.34,57.54,0.62,0.32,Uphill,39.52,7.31,280.93,Cloudy
2025-04-22 12:40:00,EV101,60.28,5.02,57.23,0.62,0.48,Downhill,25.77,14.55,282.03,Cloudy
2025-04-22 12:45:00,EV101,45.98,3.83,57.04,0.28,0.0,Hilly,25.92,16.01,285.9,Sunny
2025-04-22 12:50:00,EV101,74.15,6.18,56.76,0.57,0.1,Downhill,28.62,16.41,290.87,Cloudy
2025-04-22 12:55:00,EV101,53.76,4.48,56.33,0.19,0.59,Uphill,37.9,8.6,288.73,Sunny
2025-04-22 13:00:00,EV101,50.78,4.23,56.06,0.47,0.33,Flat,32.94,5.56,285.71,Clear
2025-04-22 13:05:00,EV101,44.69,3.72,55.79,0.61,0.28,Flat,31.25,11.71,287.77,Rainy
2025-04-22 13:10:00,EV101,36.58,3.05,55.53,0.35,0.1,Flat,31.93,19.01,288.97,Rainy
2025-04-22 13:15:00,EV101,61.5,5.13,55.43,0.42,0.02,Uphill,34.7,7.5,289.11,Clear
2025-04-22 13:20:00,EV101,34.02,2.83,55.12,0.23,0.43,Uphill,32.23,11.81,294.0,Clear
2025-04-22 13:25:00,EV101,45.39,3.78,54.82,0.63,0.42,Hilly,37.76,8.41,298.02,Clear
2025-04-22 13:30:00,EV101,37.03,3.09,54.65,0.29,0.13,Hilly,26.39,8.48,302.97,Foggy
2025-04-22 13:35:00,EV101,67.94,5.66,54.18,0.83,0.21,Hilly,25.4,12.07,300.47,Sunny
2025-04-22 13:40:00,EV101,47.2,3.93,53.68,0.28,0.24,Hilly,36.27,14.48,297.64,Rainy
2025-04-22 13:45:00,EV101,49.44,4.12,53.36,0.23,0.17,Flat,31.2,18.76,300.49,Rainy
2025-04-22 13:50:00,EV101,42.99,3.58,53.12,0.72,0.24,Hilly,30.24,5.67,297.67,Sunny
2025-04-22 13:55:00,EV101,49.58,4.13,52.72,0.16,0.37,Downhill,34.95,11.85,293.18,Cloudy
2025-04-22 14:00:00,EV101,49.23,4.1,52.31,0.04,0.3,Hilly,34.79,10.67,288.5,Clear
2025-04-22 14:05:00,EV101,61.5,5.13,52.15,0.54,0.84,Downhill,29.6,15.89,284.89,Cloudy
2025-04-22 14:10:00,EV101,58.93,4.91,51.86,0.56,0.01,Uphill,33.52,5.5,283.78,Sunny
2025-04-22 14:15:00,EV101,48.16,4.01,51.37,0.58,0.37,Downhill,28.49,16.5,283.16,Sunny
2025-04-22 14:20:00,EV101,44.86,3.74,50.94,0.56,0.43,Downhill,26.86,13.19,282.57,Rainy
2025-04-22 14:25:00,EV101,51.3,4.27,50.79,0.88,0.03,Hilly,30.48,6.09,278.79,Foggy
2025-04-22 14:30:00,EV101,42.97,3.58,50.5,0.42,0.3,Hilly,25.79,18.77,277.09,Foggy
2025-04-22 14:35:00,EV101,47.14,3.93,50.23,0.79,0.33,Downhill,35.12,6.67,274.81,Clear
2025-04-22 14:40:00,EV101,34.85,2.9,50.0,0.11,0.3,Flat,36.23,6.75,270.22,Clear
2025-04-22 14:45:00,EV101,23.34,1.95,49.52,0.6,0.43,Uphill,29.58,18.23,267.42,Rainy
2025-04-22 14:50:00,EV101,24.93,2.08,49.11,0.22,0.24,Flat,25.03,9.23,265.41,Clear
2025-04-22 14:55:00,EV101,39.51,3.29,48.63,0.57,0.52,Uphill,28.18,16.76,269.53,Foggy
2025-04-22 15:00:00,EV101,38.18,3.18,48.45,0.47,0.58,Flat,27.01,6.65,265.84,Clear
2025-04-22 15:05:00,EV101,50.65,4.22,47.98,0.41,0.21,Flat,32.06,17.67,264.97,Foggy
2025-04-22 15:10:00,EV101,41.76,3.48,47.57,0.46,0.4,Flat,31.49,17.21,261.53,Clear
2025-04-22 15:15:00,EV101,43.86,3.66,47.17,0.25,0.43,Uphill,30.41,6.13,262.87,Foggy
2025-04-22 15:20:00,EV101,52.82,4.4,46.95,0.29,0.26,Hilly,34.52,15.63,261.06,Clear
2025-04-22 15:25:00,EV101,25.15,2.1,46.85,0.49,0.5,Uphill,36.11,19.13,260.58,Sunny
2025-04-22 15:30:00,EV101,59.2,4.93,46.74,0.76,0.4,Hilly,35.54,9.74,263.59,Clear
2025-04-22 15:35:00,EV101,56.41,4.7,46.36,0.6,0.36,Flat,30.2,17.63,262.31,Rainy
2025-04-22 15:40:00,EV101,36.99,3.08,46.0,0.8,0.28,Downhill,34.23,9.97,266.48,Clear
2025-04-22 15:45:00,EV101,51.54,4.3,45.6,0.5,0.48,Flat,37.86,9.99,270.69,Foggy
2025-04-22 15:50:00,EV101,53.23,4.44,45.48,0.53,0.41,Flat,27.22,11.16,273.73,Sunny
2025-04-22 15:55:00,EV101,47.11,3.93,45.3,0.49,0.57,Hilly,34.76,15.28,277.73,Sunny
2025-04-22 16:00:00,EV101,50.56,4.21,45.07,0.58,0.08,Flat,32.61,9.35,275.58,Foggy
2025-04-22 16:05:00,EV101,48.54,4.04,44.88,0.86,0.18,Flat,25.45,12.38,279.28,Clear
2025-04-22 16:10:00,EV101,38.47,3.21,44.49,0.52,0.36,Flat,26.08,13.94,276.33,Clear
2025-04-22 16:15:00,EV101,46.48,3.87,44.21,0.47,0.36,Uphill,32.15,6.35,271.38,Clear
2025-04-22 16:20:00,EV101,46.21,3.85,43.81,0.31,0.28,Hilly,34.53,12.28,275.27,Cloudy
2025-04-22 16:25:00,EV101,50.34,4.2,43.41,0.13,0.14,Hilly,30.03,5.3,278.35,Foggy
2025-04-22 16:30:00,EV101,52.13,4.34,43.17,0.3,0.24,Uphill,30.92,12.93,275.54,Rainy
2025-04-22 16:35:00,EV101,51.14,4.26,42.86,0.4,0.15,Hilly,26.15,19.77,272.93,Foggy
2025-04-22 16:40:00,EV101,37.66,3.14,42.49,0.42,0.28,Flat,38.56,8.94,273.52,Clear
2025-04-22 16:45:00,EV101,39.86,3.32,42.18,0.62,0.23,Flat,39.43,12.24,272.82,Sunny
2025-04-22 16:50:00,EV101,59.72,4.98,41.86,0.54,0.3,Uphill,39.02,6.9,271.21,Rainy
2025-04-22 16:55:00,EV101,47.97,4.0,41.62,0.11,0.24,Flat,26.68,5.82,275.39,Cloudy
2025-04-22 17:00:00,EV101,49.51,4.13,41.42,0.52,0.34,Uphill,34.77,12.45,274.89,Cloudy
2025-04-22 17:05:00,EV101,43.28,3.61,41.0,0.36,0.04,Downhill,35.08,14.78,270.23,Foggy
2025-04-22 17:10:00,EV101,28.38,2.36,40.67,0.64,0.0,Flat,36.79,17.39,271.02,Sunny
2025-04-22 17:15:00,EV101,33.12,2.76,40.35,0.39,0.27,Uphill,25.42,17.21,271.64,Sunny
2025-04-22 17:20:00,EV101,53.11,4.43,40.2,0.37,0.32,Uphill,38.54,18.2,274.18,Cloudy
2025-04-22 17:25:00,EV101,39.94,3.33,39.93,0.28,0.38,Flat,28.62,7.93,275.31,Cloudy
2025-04-22 17:30:00,EV101,43.98,3.66,39.75,0.44,0.42,Hilly,30.26,11.63,273.62,Rainy
2025-04-22 17:35:00,EV101,36.37,3.03,39.35,0.4,0.09,Flat,27.17,12.58,275.4,Rainy
2025-04-22 17:40:00,EV101,51.47,4.29,39.21,0.79,0.43,Hilly,34.84,18.7,272.51,Cloudy
2025-04-22 17:45:00,EV101,64.71,5.39,38.9,0.52,0.3,Flat,35.84,15.47,272.18,Foggy
2025-04-22 17:50:00,EV101,54.88,4.57,38.49,0.44,0.41,Uphill,37.04,19.71,276.16,Cloudy
2025-04-22 17:55:00,EV101,34.08,2.84,38.1,0.09,0.0,Downhill,31.15,18.22,272.86,Cloudy
2025-04-22 18:00:00,EV101,36.05,3.0,37.75,0.49,0.17,Hilly,29.46,9.45,273.11,Sunny
2025-04-22 18:05:00,EV101,36.27,3.02,37.25,0.17,0.34,Downhill,28.98,11.74,275.78,Clear
2025-04-22 18:10:00,EV101,38.47,3.21,36.75,0.24,0.48,Downhill,39.61,11.48,278.76,Foggy
2025-04-22 18:15:00,EV101,39.39,3.28,36.41,0.12,0.51,Hilly,25.03,12.71,281.83,Cloudy
2025-04-22 18:20:00,EV101,53.73,4.48,36.28,0.88,0.18,Flat,30.6,6.84,286.46,Clear
2025-04-22 18:25:00,EV101,52.32,4.36,36.01,0.34,0.18,Flat,27.58,15.31,285.51,Rainy
2025-04-22 18:30:00,EV101,58.27,4.86,35.76,0.47,0.12,Hilly,36.86,13.1,282.99,Rainy
2025-04-22 18:35:00,EV101,48.1,4.01,35.42,0.34,0.36,Flat,31.16,5.26,287.2,Sunny
2025-04-22 18:40:00,EV101,34.46,2.87,35.17,0.53,0.33,Uphill,27.81,7.68,285.43,Clear
2025-04-22 18:45:00,EV101,30.03,2.5,35.05,0.31,0.33,Uphill,36.57,12.44,281.01,Cloudy
2025-04-22 18:50:00,EV101,34.07,2.84,34.89,0.27,0.17,Downhill,34.59,5.55,282.18,Sunny
2025-04-22 18:55:00,EV101,48.2,4.02,34.6,0.74,0.41,Hilly,30.88,5.26,277.43,Foggy
2025-04-22 19:00:00,EV101,43.28,3.61,34.32,0.52,0.34,Hilly,35.12,14.29,274.77,Foggy
2025-04-22 19:05:00,EV101,39.03,3.25,33.94,0.7,0.21,Downhill,27.18,11.62,277.32,Cloudy
2025-04-22 19:10:00,EV101,40.87,3.41,33.66,0.35,0.52,Uphill,30.98,11.14,279.28,Sunny
2025-04-22 19:15:00,EV101,37.92,3.16,33.35,0.27,0.35,Uphill,32.6,7.56,279.61,Sunny
2025-04-22 19:20:00,EV101,30.14,2.51,33.23,0.61,0.51,Hilly,31.18,17.07,284.38,Clear
2025-04-22 19:25:00,EV101,55.17,4.6,33.02,0.44,0.12,Hilly,29.32,5.74,286.26,Clear
2025-04-22 19:30:00,EV101,61.23,5.1,32.73,0.06,0.37,Hilly,30.08,12.87,283.47,Rainy
2025-04-22 19:35:00,EV101,39.02,3.25,32.31,0.49,0.16,Flat,26.91,8.68,282.02,Foggy
2025-04-22 19:40:00,EV101,43.88,3.66,32.05,0.1,0.48,Downhill,36.3,17.06,282.29,Cloudy
2025-04-22 19:45:00,EV101,55.92,4.66,31.72,0.29,0.37,Hilly,33.61,5.07,284.19,Foggy
2025-04-22 19:50:00,EV101,53.34,4.44,31.26,0.47,0.53,Hilly,29.51,17.35,288.02,Foggy
2025-04-22 19:55:00,EV101,49.03,4.09,30.8,0.43,0.09,Hilly,35.73,10.56,283.65,Cloudy
2025-04-22 20:00:00,EV101,31.77,2.65,30.46,0.4,0.0,Hilly,31.59,11.08,281.84,Foggy
2025-04-22 20:05:00,EV101,34.43,2.87,30.15,0.09,0.25,Flat,37.63,14.98,279.61,Cloudy
2025-04-22 20:10:00,EV101,42.11,3.51,29.68,0.19,0.2,Uphill,32.29,6.05,277.06,Sunny
2025-04-22 20:15:00,EV101,57.91,4.83,29.25,0.81,0.3,Uphill,30.32,17.95,280.35,Sunny
2025-04-22 20:20:00,EV101,32.55,2.71,28.86,0.0,0.37,Hilly,39.36,13.92,284.37,Cloudy
2025-04-22 20:25:00,EV101,35.18,2.93,28.49,0.74,0.4,Uphill,33.44,10.66,286.13,Foggy
2025-04-22 20:30:00,EV101,59.8,4.98,28.14,0.74,0.3,Hilly,32.01,19.95,283.56,Rainy
2025-04-22 20:35:00,EV101,62.85,5.24,27.64,0.79,0.22,Uphill,33.72,17.65,286.05,Foggy
2025-04-22 20:40:00,EV101,59.51,4.96,27.26,0.54,0.17,Flat,32.22,9.72,287.44,Foggy
2025-04-22 20:45:00,EV101,36.71,3.06,26.99,0.45,0.29,Uphill,27.74,10.81,290.47,Clear
2025-04-22 20:50:00,EV101,54.76,4.56,26.5,0.62,0.25,Flat,32.49,12.22,292.59,Clear
2025-04-22 20:55:00,EV101,41.02,3.42,26.31,0.61,0.48,Downhill,30.71,15.42,291.19,Cloudy
2025-04-22 21:00:00,EV101,56.17,4.68,25.94,0.61,0.34,Uphill,30.54,17.28,292.99,Cloudy
2025-04-22 21:05:00,EV101,45.02,3.75,25.75,0.34,0.12,Flat,27.62,16.6,294.42,Foggy
2025-04-22 21:10:00,EV101,46.48,3.87,25.6,0.61,0.49,Hilly,28.25,5.21,290.43,Foggy
2025-04-22 21:15:00,EV101,40.8,3.4,25.2,0.45,0.49,Downhill,30.34,14.09,291.44,Rainy
2025-04-22 21:20:00,EV101,47.11,3.93,24.83,0.5,0.25,Downhill,25.86,13.83,294.24,Sunny
2025-04-22 21:25:00,EV101,55.9,4.66,24.52,0.59,0.53,Downhill,33.08,17.34,296.2,Foggy
2025-04-22 21:30:00,EV101,49.39,4.12,24.02,0.95,0.23,Flat,34.68,8.46,295.54,Clear
2025-04-22 21:35:00,EV101,42.49,3.54,23.62,0.47,0.4,Uphill,33.43,18.22,294.13,Clear
2025-04-22 21:40:00,EV101,41.47,3.46,23.36,0.61,0.42,Uphill,35.0,17.29,290.98,Clear
2025-04-22 21:45:00,EV101,54.74,4.56,22.91,0.83,0.66,Flat,26.17,12.17,290.34,Foggy
2025-04-22 21:50:00,EV101,50.55,4.21,22.59,0.74,0.32,Downhill,37.65,14.2,290.61,Sunny
2025-04-22 21:55:00,EV101,45.19,3.77,22.49,0.43,0.46,Flat,39.04,5.62,286.78,Foggy
2025-04-22 22:00:00,EV101,37.45,3.12,22.11,0.92,0.15,Hilly,33.33,9.7,286.02,Cloudy
2025-04-22 22:05:00,EV101,50.72,4.23,21.79,0.38,0.34,Downhill,29.07,12.9,288.83,Cloudy
2025-04-22 22:10:00,EV101,45.79,3.82,21.69,0.65,0.45,Downhill,35.92,19.68,287.73,Cloudy
2025-04-22 22:15:00,EV101,40.81,3.4,21.57,0.5,0.3,Uphill,38.63,6.18,291.25,Cloudy
2025-04-22 22:20:00,EV101,52.68,4.39,21.25,0.27,0.12,Downhill,31.48,6.05,290.72,Cloudy
2025-04-22 22:25:00,EV101,33.08,2.76,20.89,0.47,0.26,Uphill,38.27,19.47,288.99,Rainy
2025-04-22 22:30:00,EV101,46.68,3.89,20.69,0.0,0.0,Flat,37.45,11.45,286.53,Rainy
2025-04-22 22:35:00,EV101,33.34,2.78,20.25,0.53,0.45,Flat,36.14,5.1,290.33,Foggy
2025-04-22 06:00:00,EV102,39.27,3.27,89.14,0.55,0.3,Uphill,32.0,13.91,227.63,Clear
2025-04-22 06:05:00,EV102,37.56,3.13,88.8,0.38,0.16,Uphill,36.01,15.4,232.23,Clear
2025-04-22 06:10:00,EV102,39.86,3.32,88.52,0.76,0.27,Downhill,36.15,6.9,231.15,Clear
2025-04-22 06:15:00,EV102,47.94,3.99,88.31,0.48,0.0,Hilly,38.13,8.69,227.64,Cloudy
2025-04-22 06:20:00,EV102,38.71,3.23,87.94,0.66,0.17,Flat,34.56,10.7,229.54,Rainy
2025-04-22 06:25:00,EV102,45.09,3.76,87.74,0.38,0.0,Downhill,28.5,7.91,227.31,Clear
2025-04-22 06:30:00,EV102,59.68,4.97,87.56,0.82,0.48,Downhill,33.07,6.24,228.06,Clear
2025-04-22 06:35:00,EV102,38.33,3.19,87.32,0.52,0.4,Uphill,35.68,10.21,232.36,Cloudy
2025-04-22 06:40:00,EV102,61.2,5.1,86.93,0.45,0.22,Downhill,36.2,14.38,232.01,Clear
2025-04-22 06:45:00,EV102,48.95,4.08,86.61,0.37,0.45,Uphill,28.6,19.16,235.41,Clear
2025-04-22 06:50:00,EV102,54.06,4.5,86.41,0.52,0.3,Flat,32.58,9.04,230.98,Clear
2025-04-22 06:55:00,EV102,52.04,4.34,85.93,0.55,0.23,Flat,39.93,19.12,233.71,Clear
2025-04-22 07:00:00,EV102,38.5,3.21,85.65,0.57,0.12,Uphill,26.91,11.52,236.44,Sunny
2025-04-22 07:05:00,EV102,30.3,2.53,85.31,0.21,0.0,Uphill,32.62,13.39,234.2,Cloudy
2025-04-22 07:10:00,EV102,50.94,4.24,84.96,0.85,0.24,Downhill,27.48,6.24,231.69,Sunny
2025-04-22 07:15:00,EV102,39.2,3.27,84.53,0.64,0.37,Hilly,30.21,12.16,227.68,Sunny
2025-04-22 07:20:00,EV102,45.37,3.78,84.37,0.41,0.29,Downhill,31.49,5.25,228.29,Sunny
2025-04-22 07:25:00,EV102,49.38,4.11,84.12,0.6,0.48,Uphill,36.62,12.31,229.22,Rainy
2025-04-22 07:30:00,EV102,36.83,3.07,83.71,0.81,0.45,Flat,33.86,14.04,228.11,Rainy
2025-04-22 07:35:00,EV102,55.02,4.58,83.56,0.69,0.62,Downhill,39.99,16.31,224.88,Clear
2025-04-22 07:40:00,EV102,41.58,3.46,83.1,0.65,0.45,Hilly,26.24,10.4,229.41,Rainy
2025-04-22 07:45:00,EV102,38.72,3.23,82.9,0.66,0.36,Flat,27.18,19.7,227.24,Cloudy
2025-04-22 07:50:00,EV102,43.15,3.6,82.66,0.55,0.42,Flat,32.35,6.18,231.46,Cloudy
2025-04-22 07:55:00,EV102,28.11,2.34,82.29,0.41,0.33,Flat,35.64,13.81,233.84,Cloudy
2025-04-22 08:00:00,EV102,47.39,3.95,82.07,0.47,0.03,Hilly,35.65,15.9,236.47,Sunny
2025-04-22 08:05:00,EV102,43.87,3.66,81.74,0.29,0.0,Downhill,27.39,7.78,238.19,Sunny
2025-04-22 08:10:00,EV102,54.14,4.51,81.6,0.71,0.26,Hilly,32.31,12.92,238.26,Cloudy
2025-04-22 08:15:00,EV102,37.52,3.13,81.43,0.54,0.41,Uphill,29.59,13.86,233.82,Foggy
2025-04-22 08:20:00,EV102,53.63,4.47,81.21,0.47,0.06,Hilly,31.61,14.74,238.4,Rainy
2025-04-22 08:25:00,EV102,36.48,3.04,80.89,0.65,0.0,Flat,29.91,7.4,239.11,Sunny
2025-04-22 08:30:00,EV102,59.35,4.95,80.73,0.52,0.42,Uphill,33.44,17.44,239.35,Cloudy
2025-04-22 08:35:00,EV102,32.96,2.75,80.42,0.5,0.34,Hilly,29.91,5.99,238.31,Clear
2025-04-22 08:40:00,EV102,44.09,3.67,80.26,0.73,0.21,Flat,29.83,11.62,237.7,Sunny
2025-04-22 08:45:00,EV102,43.1,3.59,79.95,0.0,0.29,Hilly,26.78,8.2,240.41,Clear
2025-04-22 08:50:00,EV102,43.4,3.62,79.74,0.67,0.49,Downhill,30.66,12.97,242.86,Rainy
2025-04-22 08:55:00,EV102,56.72,4.73,79.51,0.7,0.48,Hilly,30.68,13.84,247.12,Foggy
2025-04-22 09:00:00,EV102,58.12,4.84,79.41,0.49,0.17,Hilly,25.12,14.04,243.35,Sunny
2025-04-22 09:05:00,EV102,56.52,4.71,78.98,0.5,0.25,Uphill,39.41,5.77,247.03,Cloudy
2025-04-22 09:10:00,EV102,58.73,4.89,78.67,0.54,0.26,Uphill,27.79,18.66,249.81,Cloudy
2025-04-22 09:15:00,EV102,38.29,3.19,78.46,0.64,0.39,Hilly,36.68,13.88,254.34,Clear
2025-04-22 09:20:00,EV102,47.63,3.97,78.1,0.94,0.26,Flat,27.03,12.4,249.72,Rainy
2025-04-22 09:25:00,EV102,29.65,2.47,77.93,0.69,0.55,Flat,34.76,19.38,249.95,Sunny
2025-04-22 09:30:00,EV102,34.53,2.88,77.79,0.54,0.4,Hilly,34.7,7.06,253.53,Cloudy
2025-04-22 09:35:00,EV102,53.03,4.42,77.61,0.59,0.69,Downhill,36.94,15.97,255.91,Rainy
2025-04-22 09:40:00,EV102,33.18,2.77,77.5,0.66,0.63,Flat,38.77,9.43,257.56,Sunny
2025-04-22 09:45:00,EV102,45.41,3.78,77.0,0.8,0.42,Flat,31.75,12.06,253.59,Sunny
2025-04-22 09:50:00,EV102,54.68,4.56,76.53,0.67,0.22,Downhill,34.95,17.74,249.39,Foggy
2025-04-22 09:55:00,EV102,42.51,3.54,76.14,0.54,0.21,Downhill,38.16,11.83,247.45,Sunny
2025-04-22 10:00:00,EV102,34.5,2.87,75.7,0.45,0.41,Flat,26.26,5.58,248.37,Clear
2025-04-22 10:05:00,EV102,34.7,2.89,75.38,0.29,0.46,Flat,37.88,18.54,243.81,Rainy
2025-04-22 10:10:00,EV102,43.31,3.61,75.19,0.74,0.63,Hilly,30.28,13.68,240.27,Rainy
2025-04-22 10:15:00,EV102,56.79,4.73,74.94,0.44,0.25,Downhill,35.08,10.61,241.8,Rainy
2025-04-22 10:20:00,EV102,61.06,5.09,74.54,0.56,0.38,Flat,29.37,9.26,245.36,Cloudy
2025-04-22 10:25:00,EV102,42.34,3.53,74.14,0.66,0.4,Downhill,26.88,18.24,245.66,Foggy
2025-04-22 10:30:00,EV102,35.59,2.97,73.8,0.62,0.55,Downhill,38.37,5.69,242.59,Clear
2025-04-22 10:35:00,EV102,47.06,3.92,73.69,0.88,0.03,Flat,27.78,6.06,246.99,Clear
2025-04-22 10:40:00,EV102,48.69,4.06,73.53,0.75,0.03,Uphill,26.51,13.32,246.2,Foggy
2025-04-22 10:45:00,EV102,33.9,2.82,73.22,0.7,0.3,Hilly,27.42,15.91,247.47,Foggy
2025-04-22 10:50:00,EV102,44.49,3.71,72.81,0.39,0.26,Downhill,28.91,11.68,246.64,Cloudy
2025-04-22 10:55:00,EV102,26.7,2.23,72.61,0.51,0.42,Hilly,33.32,6.14,250.83,Sunny
2025-04-22 11:00:00,EV102,42.36,3.53,72.21,0.41,0.36,Downhill,25.46,5.89,251.72,Rainy
2025-04-22 11:05:00,EV102,55.34,4.61,72.0,0.4,0.04,Hilly,30.86,15.25,251.32,Clear
2025-04-22 11:10:00,EV102,49.85,4.15,71.56,0.82,0.24,Downhill,34.93,6.48,247.76,Rainy
2025-04-22 11:15:00,EV102,64.88,5.41,71.41,0.6,0.39,Flat,28.89,5.21,251.32,Clear
2025-04-22 11:20:00,EV102,48.18,4.02,70.93,0.44,0.49,Uphill,30.88,16.18,250.75,Rainy
2025-04-22 11:25:00,EV102,40.77,3.4,70.64,0.62,0.34,Flat,38.19,17.15,250.13,Rainy
2025-04-22 11:30:00,EV102,52.27,4.36,70.5,0.62,0.12,Uphill,31.85,12.65,247.47,Foggy
2025-04-22 11:35:00,EV102,49.4,4.12,70.04,0.39,0.24,Hilly,27.79,11.72,250.05,Cloudy
2025-04-22 11:40:00,EV102,56.84,4.74,69.78,0.35,0.22,Downhill,39.13,10.17,253.81,Sunny
2025-04-22 11:45:00,EV102,60.66,5.05,69.34,0.54,0.24,Downhill,28.16,5.01,253.88,Foggy
2025-04-22 11:50:00,EV102,41.2,3.43,69.03,0.4,0.28,Hilly,26.97,19.62,250.73,Clear
2025-04-22 11:55:00,EV102,42.51,3.54,68.54,0.44,0.67,Hilly,39.34,12.67,253.55,Sunny
2025-04-22 12:00:00,EV102,40.12,3.34,68.15,0.74,0.42,Flat,36.87,8.08,253.79,Foggy
2025-04-22 12:05:00,EV102,53.85,4.49,67.97,0.83,0.42,Hilly,26.92,7.66,249.45,Foggy
2025-04-22 12:10:00,EV102,45.81,3.82,67.59,0.62,0.46,Flat,39.64,12.42,252.04,Cloudy
2025-04-22 12:15:00,EV102,46.05,3.84,67.34,0.41,0.23,Uphill,34.74,5.48,252.64,Clear
2025-04-22 12:20:00,EV102,50.6,4.22,67.12,0.29,0.12,Flat,33.66,17.83,249.51,Clear
2025-04-22 12:25:00,EV102,35.01,2.92,66.63,0.86,0.0,Hilly,38.05,15.81,254.27,Foggy
2025-04-22 12:30:00,EV102,51.38,4.28,66.28,0.49,0.16,Downhill,35.31,11.2,249.76,Rainy
2025-04-22 12:35:00,EV102,36.28,3.02,66.16,0.29,0.21,Uphill,28.83,10.48,252.87,Clear
2025-04-22 12:40:00,EV102,52.23,4.35,65.68,0.45,0.38,Hilly,26.49,7.48,248.08,Sunny
2025-04-22 12:45:00,EV102,46.9,3.91,65.21,0.39,0.52,Flat,29.97,8.59,252.09,Rainy
2025-04-22 12:50:00,EV102,52.04,4.34,64.96,0.44,0.37,Flat,34.23,17.71,253.94,Sunny
2025-04-22 12:55:00,EV102,56.66,4.72,64.81,0.5,0.21,Uphill,36.48,12.23,254.46,Foggy
2025-04-22 13:00:00,EV102,36.45,3.04,64.44,0.66,0.34,Uphill,37.88,9.8,250.61,Cloudy
2025-04-22 13:05:00,EV102,52.8,4.4,64.29,0.47,0.2,Downhill,39.44,10.77,252.66,Rainy
2025-04-22 13:10:00,EV102,51.46,4.29,63.96,0.11,0.38,Uphill,27.28,7.98,253.0,Sunny
2025-04-22 13:15:00,EV102,25.8,2.15,63.69,0.4,0.09,Flat,33.84,5.8,250.07,Clear
2025-04-22 13:20:00,EV102,44.87,3.74,63.24,0.45,0.62,Downhill,39.05,9.36,247.65,Rainy
2025-04-22 13:25:00,EV102,55.3,4.61,62.79,0.89,0.14,Flat,31.56,6.85,244.72,Sunny
2025-04-22 13:30:00,EV102,51.53,4.29,62.67,0.39,0.48,Downhill,35.96,16.29,240.68,Sunny
2025-04-22 13:35:00,EV102,54.65,4.55,62.29,0.39,0.07,Flat,31.13,8.35,240.95,Rainy
2025-04-22 13:40:00,EV102,48.89,4.07,61.86,0.65,0.36,Uphill,36.0,16.58,239.45,Clear
2025-04-22 13:45:00,EV102,42.26,3.52,61.74,0.57,0.51,Uphill,27.74,7.43,242.57,Clear
2025-04-22 13:50:00,EV102,46.22,3.85,61.33,0.54,0.27,Downhill,38.07,13.77,246.66,Cloudy
2025-04-22 13:55:00,EV102,33.57,2.8,61.11,0.29,0.42,Flat,35.56,12.96,251.62,Sunny
2025-04-22 14:00:00,EV102,35.68,2.97,60.96,0.32,0.24,Uphill,37.01,12.97,248.37,Sunny
2025-04-22 14:05:00,EV102,53.83,4.49,60.47,0.29,0.42,Downhill,34.38,11.45,250.84,Clear
2025-04-22 14:10:00,EV102,55.83,4.65,60.1,0.87,0.01,Hilly,38.06,5.81,253.07,Rainy
2025-04-22 14:15:00,EV102,49.54,4.13,59.83,0.65,0.53,Downhill,33.28,8.98,252.7,Foggy
2025-04-22 14:20:00,EV102,32.0,2.67,59.68,0.61,0.34,Downhill,39.62,17.09,255.75,Foggy
2025-04-22 14:25:00,EV102,55.18,4.6,59.41,0.3,0.35,Downhill,37.7,11.14,254.38,Foggy
2025-04-22 14:30:00,EV102,56.19,4.68,58.95,0.52,0.25,Flat,29.73,15.89,252.35,Foggy
2025-04-22 14:35:00,EV102,48.04,4.0,58.65,0.4,0.66,Hilly,33.89,17.45,247.51,Clear
2025-04-22 14:40:00,EV102,43.04,3.59,58.29,0.63,0.42,Flat,32.9,7.5,249.93,Foggy
2025-04-22 14:45:00,EV102,36.23,3.02,57.84,0.36,0.0,Uphill,29.81,18.14,248.39,Clear
2025-04-22 14:50:00,EV102,48.33,4.03,57.65,0.49,0.33,Downhill,28.43,17.37,244.51,Cloudy
2025-04-22 14:55:00,EV102,36.97,3.08,57.2,0.0,0.46,Uphill,28.23,11.62,241.23,Cloudy
2025-04-22 15:00:00,EV102,30.52,2.54,56.91,0.55,0.07,Flat,28.71,18.71,245.22,Sunny
2025-04-22 15:05:00,EV102,58.7,4.89,56.53,0.82,0.52,Flat,34.72,16.83,243.67,Foggy
2025-04-22 15:10:00,EV102,30.03,2.5,56.33,0.21,0.42,Hilly,25.08,17.52,239.02,Sunny
2025-04-22 15:15:00,EV102,31.85,2.65,55.88,0.71,0.63,Uphill,32.31,10.3,241.76,Rainy
2025-04-22 15:20:00,EV102,41.48,3.46,55.74,0.53,0.28,Hilly,35.6,10.47,238.21,Clear
2025-04-22 15:25:00,EV102,39.47,3.29,55.53,0.78,0.65,Uphill,35.45,10.47,233.57,Cloudy
2025-04-22 15:30:00,EV102,45.08,3.76,55.39,0.76,0.28,Flat,29.37,6.17,233.09,Rainy
2025-04-22 15:35:00,EV102,45.35,3.78,55.16,0.7,0.0,Hilly,38.27,19.89,237.4,Sunny
2025-04-22 15:40:00,EV102,56.82,4.74,54.85,0.6,0.4,Hilly,29.38,5.64,239.38,Foggy
2025-04-22 15:45:00,EV102,46.47,3.87,54.74,0.39,0.21,Flat,28.45,14.86,237.03,Sunny
2025-04-22 15:50:00,EV102,54.03,4.5,54.63,0.38,0.46,Uphill,36.33,17.3,239.17,Cloudy
2025-04-22 15:55:00,EV102,49.78,4.15,54.33,0.68,0.27,Downhill,37.16,14.91,238.98,Sunny
2025-04-22 16:00:00,EV102,52.86,4.41,53.9,0.76,0.28,Downhill,37.36,10.25,236.93,Clear
2025-04-22 16:05:00,EV102,38.9,3.24,53.57,0.4,0.21,Flat,29.45,12.87,238.67,Cloudy
2025-04-22 16:10:00,EV102,53.92,4.49,53.09,0.7,0.3,Downhill,26.56,16.45,241.77,Rainy
2025-04-22 16:15:00,EV102,49.16,4.1,52.85,0.79,0.14,Uphill,35.75,8.6,244.78,Sunny
2025-04-22 16:20:00,EV102,36.56,3.05,52.67,0.79,0.54,Flat,38.23,12.91,241.02,Foggy
2025-04-22 16:25:00,EV102,45.42,3.79,52.4,0.5,0.44,Hilly,25.47,15.58,245.93,Rainy
2025-04-22 16:30:00,EV102,61.06,5.09,52.04,0.53,0.41,Uphill,31.02,18.27,245.51,Clear
2025-04-22 16:35:00,EV102,53.49,4.46,51.82,0.71,0.56,Flat,30.66,6.98,244.08,Clear
2025-04-22 16:40:00,EV102,40.09,3.34,51.5,0.28,0.11,Flat,26.75,5.97,246.67,Sunny
2025-04-22 16:45:00,EV102,29.46,2.46,51.35,0.47,0.41,Flat,26.58,5.59,246.79,Rainy
2025-04-22 16:50:00,EV102,53.04,4.42,51.24,0.48,0.14,Hilly,26.87,9.97,247.59,Foggy
2025-04-22 16:55:00,EV102,64.93,5.41,50.89,0.37,0.15,Hilly,37.96,13.41,251.81,Foggy
2025-04-22 17:00:00,EV102,60.66,5.06,50.75,0.93,0.23,Downhill,36.21,11.74,252.28,Foggy
2025-04-22 17:05:00,EV102,31.02,2.59,50.49,0.42,0.31,Flat,28.69,9.94,250.76,Rainy
2025-04-22 17:10:00,EV102,50.02,4.17,50.37,0.4,0.48,Downhill,39.89,5.37,254.61,Foggy
2025-04-22 17:15:00,EV102,43.48,3.62,50.13,0.54,0.0,Downhill,26.83,18.54,255.05,Cloudy
2025-04-22 17:20:00,EV102,59.02,4.92,49.88,0.69,0.39,Downhill,36.19,18.87,258.04,Cloudy
2025-04-22 17:25:00,EV102,51.29,4.27,49.72,0.56,0.62,Uphill,34.98,7.49,259.12,Sunny
2025-04-22 17:30:00,EV102,49.46,4.12,49.3,0.55,0.44,Uphill,27.44,8.02,260.84,Foggy
2025-04-22 17:35:00,EV102,54.71,4.56,49.19,0.67,0.27,Hilly,31.91,9.31,259.49,Clear
2025-04-22 17:40:00,EV102,38.58,3.22,48.69,0.37,0.29,Flat,35.86,7.3,261.25,Foggy
2025-04-22 17:45:00,EV102,49.56,4.13,48.54,0.08,0.41,Hilly,25.48,15.0,257.34,Clear
2025-04-22 17:50:00,EV102,45.63,3.8,48.37,0.68,0.06,Downhill,27.85,13.56,261.78,Rainy
2025-04-22 17:55:00,EV102,51.1,4.26,48.08,0.56,0.3,Flat,26.37,8.55,259.16,Foggy
2025-04-22 18:00:00,EV102,53.11,4.43,47.6,0.49,0.46,Uphill,27.49,15.3,257.39,Sunny
2025-04-22 18:05:00,EV102,30.25,2.52,47.32,0.45,0.05,Flat,29.75,6.66,254.79,Sunny
2025-04-22 18:10:00,EV102,39.87,3.32,46.86,0.0,0.44,Hilly,29.19,9.22,250.97,Foggy
2025-04-22 18:15:00,EV102,28.11,2.34,46.71,0.61,0.56,Hilly,36.8,7.8,255.15,Sunny
2025-04-22 18:20:00,EV102,53.64,4.47,46.32,0.39,0.31,Downhill,26.87,7.39,256.0,Rainy
2025-04-22 18:25:00,EV102,40.95,3.41,45.96,0.46,0.22,Downhill,34.74,10.51,254.13,Clear
2025-04-22 18:30:00,EV102,31.27,2.61,45.79,0.83,0.24,Flat,39.7,7.78,251.8,Foggy
2025-04-22 18:35:00,EV102,34.02,2.84,45.69,0.56,0.07,Hilly,37.02,7.09,255.36,Rainy
2025-04-22 18:40:00,EV102,28.6,2.38,45.39,0.48,0.0,Hilly,33.16,12.55,257.98,Cloudy
2025-04-22 18:45:00,EV102,46.68,3.89,45.18,0.18,0.41,Flat,31.57,10.28,255.15,Sunny
2025-04-22 18:50:00,EV102,47.22,3.94,44.69,0.39,0.38,Downhill,26.46,10.34,254.68,Rainy
2025-04-22 18:55:00,EV102,60.88,5.07,44.33,0.24,0.73,Uphill,29.42,6.84,259.08,Clear
2025-04-22 19:00:00,EV102,58.21,4.85,44.0,0.1,0.05,Uphill,26.53,13.55,255.69,Clear
2025-04-22 19:05:00,EV102,59.88,4.99,43.77,0.14,0.0,Hilly,33.71,18.9,251.72,Sunny
2025-04-22 19:10:00,EV102,40.66,3.39,43.51,0.47,0.26,Downhill,29.4,13.04,251.06,Cloudy
2025-04-22 19:15:00,EV102,49.84,4.15,43.2,0.52,0.22,Uphill,30.9,19.63,253.02,Sunny
2025-04-22 19:20:00,EV102,58.17,4.85,43.01,0.48,0.25,Flat,31.06,18.56,249.28,Clear
2025-04-22 19:25:00,EV102,44.74,3.73,42.86,0.57,0.79,Flat,29.41,13.38,253.29,Rainy
2025-04-22 19:30:00,EV102,39.39,3.28,42.37,0.66,0.25,Hilly,26.03,10.69,255.31,Clear
2025-04-22 19:35:00,EV102,74.1,6.18,42.26,0.3,0.16,Hilly,38.09,11.21,254.97,Cloudy
2025-04-22 19:40:00,EV102,33.86,2.82,42.09,0.81,0.39,Uphill,34.82,10.27,253.84,Rainy
2025-04-22 19:45:00,EV102,35.67,2.97,41.99,0.25,0.45,Downhill,37.3,8.22,248.99,Cloudy
2025-04-22 19:50:00,EV102,57.92,4.83,41.77,0.77,0.27,Uphill,28.12,16.29,246.79,Clear
2025-04-22 19:55:00,EV102,42.54,3.55,41.62,0.72,0.51,Uphill,32.86,7.47,249.44,Cloudy
2025-04-22 20:00:00,EV102,52.07,4.34,41.27,0.76,0.36,Downhill,29.79,14.29,248.55,Sunny
2025-04-22 20:05:00,EV102,35.75,2.98,41.12,0.47,0.26,Flat,29.23,17.67,245.44,Sunny
2025-04-22 20:10:00,EV102,50.52,4.21,40.72,0.29,0.64,Uphill,28.09,8.27,243.71,Foggy
2025-04-22 20:15:00,EV102,44.36,3.7,40.56,0.85,0.19,Hilly,30.6,5.24,247.8,Sunny
2025-04-22 20:20:00,EV102,50.56,4.21,40.33,0.8,0.22,Flat,25.79,13.86,242.83,Foggy
2025-04-22 20:25:00,EV102,43.16,3.6,39.98,0.0,0.19,Downhill,28.67,13.57,240.87,Rainy
2025-04-22 20:30:00,EV102,34.68,2.89,39.75,0.79,0.37,Uphill,34.24,13.99,242.21,Clear
2025-04-22 20:35:00,EV102,31.26,2.6,39.56,0.33,0.49,Uphill,37.86,19.44,244.0,Clear
2025-04-22 20:40:00,EV102,36.87,3.07,39.15,0.41,0.24,Uphill,32.05,5.16,248.85,Rainy
2025-04-22 20:45:00,EV102,38.81,3.23,38.78,0.61,0.36,Flat,28.82,17.57,246.85,Clear
2025-04-22 20:50:00,EV102,48.79,4.07,38.67,0.93,0.31,Hilly,32.05,13.78,245.27,Rainy
2025-04-22 20:55:00,EV102,47.23,3.94,38.4,0.5,0.36,Uphill,33.13,8.09,244.72,Foggy
2025-04-22 21:00:00,EV102,33.21,2.77,38.04,0.37,0.23,Flat,27.31,18.05,249.08,Rainy
2025-04-22 21:05:00,EV102,47.91,3.99,37.54,0.52,0.64,Uphill,30.27,15.04,253.87,Sunny
2025-04-22 21:10:00,EV102,49.99,4.17,37.17,0.1,0.37,Hilly,28.86,9.33,252.17,Foggy
2025-04-22 21:15:00,EV102,46.99,3.92,37.02,0.8,0.2,Flat,27.24,6.06,247.85,Foggy
2025-04-22 21:20:00,EV102,64.61,5.38,36.79,0.8,0.21,Hilly,30.82,17.87,248.29,Cloudy
2025-04-22 21:25:00,EV102,39.23,3.27,36.54,0.61,0.85,Flat,36.69,13.75,247.08,Foggy
2025-04-22 21:30:00,EV102,50.42,4.2,36.34,0.58,0.43,Hilly,32.2,9.54,251.18,Sunny
2025-04-22 21:35:00,EV102,63.4,5.28,36.06,0.57,0.33,Downhill,36.4,13.52,250.42,Cloudy
2025-04-22 21:40:00,EV102,60.77,5.06,35.58,0.29,0.46,Uphill,34.02,15.15,252.21,Clear
2025-04-22 21:45:00,EV102,53.98,4.5,35.36,0.5,0.27,Hilly,27.29,15.97,250.46,Sunny
2025-04-22 21:50:00,EV102,19.54,1.63,35.09,0.28,0.29,Hilly,30.78,11.75,252.25,Clear
2025-04-22 21:55:00,EV102,30.45,2.54,34.96,0.4,0.44,Uphill,29.1,17.73,248.44,Sunny
2025-04-22 22:00:00,EV102,29.83,2.49,34.73,0.46,0.52,Flat,26.54,9.91,246.99,Sunny
2025-04-22 22:05:00,EV102,57.99,4.83,34.36,0.87,0.3,Hilly,25.26,5.07,246.62,Foggy
2025-04-22 22:10:00,EV102,45.73,3.81,34.21,0.27,0.02,Flat,38.25,16.01,249.61,Clear
2025-04-22 22:15:00,EV102,58.89,4.91,33.99,0.66,0.6,Uphill,31.21,12.49,250.6,Cloudy
2025-04-22 22:20:00,EV102,22.67,1.89,33.5,0.63,0.42,Uphill,26.8,16.2,254.78,Rainy
2025-04-22 22:25:00,EV102,46.56,3.88,33.23,0.57,0.35,Hilly,25.29,10.67,251.03,Sunny
2025-04-22 22:30:00,EV102,52.13,4.34,33.08,0.53,0.38,Hilly,27.24,17.78,250.34,Clear
2025-04-22 22:35:00,EV102,44.98,3.75,32.68,0.23,0.04,Downhill,26.01,16.2,254.67,Foggy
2025-04-22 06:00:00,EV103,55.63,4.64,80.1,0.51,0.45,Downhill,32.11,13.59,295.04,Clear
2025-04-22 06:05:00,EV103,36.38,3.03,79.64,0.55,0.47,Uphill,34.44,5.76,294.9,Clear
2025-04-22 06:10:00,EV103,33.82,2.82,79.21,0.23,0.6,Flat,34.04,16.92,291.76,Foggy
2025-04-22 06:15:00,EV103,29.78,2.48,78.86,0.14,0.48,Hilly,26.51,6.15,294.24,Cloudy
2025-04-22 06:20:00,EV103,62.06,5.17,78.52,0.73,0.4,Downhill,28.98,16.01,291.45,Rainy
2025-04-22 06:25:00,EV103,55.97,4.66,78.03,0.38,0.0,Flat,30.32,9.81,295.85,Rainy
2025-04-22 06:30:00,EV103,37.88,3.16,77.6,0.64,0.47,Hilly,30.25,12.79,293.8,Clear
2025-04-22 06:35:00,EV103,43.04,3.59,77.43,0.77,0.31,Flat,29.77,10.08,293.48,Sunny
2025-04-22 06:40:00,EV103,48.2,4.02,76.95,0.62,0.18,Uphill,39.34,16.92,295.68,Cloudy
2025-04-22 06:45:00,EV103,15.29,1.27,76.69,0.39,0.62,Uphill,32.46,11.91,297.14,Cloudy
2025-04-22 06:50:00,EV103,43.43,3.62,76.32,0.77,0.42,Uphill,36.75,8.97,299.06,Clear
2025-04-22 06:55:00,EV103,67.82,5.65,76.0,0.55,0.11,Downhill,28.65,12.39,299.34,Rainy
2025-04-22 07:00:00,EV103,43.66,3.64,75.51,0.41,0.77,Hilly,37.53,12.12,296.84,Cloudy
2025-04-22 07:05:00,EV103,33.18,2.76,75.03,0.22,0.55,Downhill,26.11,15.28,300.72,Clear
2025-04-22 07:10:00,EV103,53.32,4.44,74.82,0.41,0.39,Hilly,29.87,7.75,299.83,Rainy
2025-04-22 07:15:00,EV103,44.62,3.72,74.57,0.71,0.61,Hilly,27.36,6.45,295.74,Clear
2025-04-22 07:20:00,EV103,40.88,3.41,74.32,0.61,0.0,Flat,39.09,16.89,299.8,Sunny
2025-04-22 07:25:00,EV103,42.84,3.57,74.01,0.34,0.0,Hilly,30.04,6.91,300.66,Clear
2025-04-22 07:30:00,EV103,53.76,4.48,73.72,0.65,0.13,Uphill,31.46,12.24,297.78,Clear
2025-04-22 07:35:00,EV103,53.84,4.49,73.47,0.43,0.4,Flat,34.74,19.01,298.74,Rainy
2025-04-22 07:40:00,EV103,53.41,4.45,73.19,0.0,0.57,Flat,38.88,17.31,295.48,Sunny
2025-04-22 07:45:00,EV103,39.35,3.28,73.02,0.79,0.0,Uphill,26.58,12.16,298.38,Clear
2025-04-22 07:50:00,EV103,54.77,4.56,72.87,0.86,0.11,Downhill,39.85,7.4,294.57,Sunny
2025-04-22 07:55:00,EV103,48.56,4.05,72.38,0.7,0.06,Flat,29.94,11.53,293.04,Rainy
2025-04-22 08:00:00,EV103,62.96,5.25,71.89,0.76,0.08,Flat,38.09,19.15,291.87,Rainy
2025-04-22 08:05:00,EV103,41.49,3.46,71.46,0.28,0.19,Flat,27.43,18.26,292.76,Cloudy
2025-04-22 08:10:00,EV103,47.32,3.94,71.09,0.16,0.63,Hilly,25.35,7.35,288.42,Cloudy
2025-04-22 08:15:00,EV103,29.59,2.47,70.62,0.31,0.03,Flat,34.12,12.42,291.77,Cloudy
2025-04-22 08:20:00,EV103,48.02,4.0,70.36,0.52,0.05,Flat,36.71,8.75,287.35,Rainy
2025-04-22 08:25:00,EV103,49.03,4.09,70.2,0.13,0.41,Downhill,31.19,13.66,289.7,Cloudy
2025-04-22 08:30:00,EV103,56.68,4.72,69.89,0.42,0.43,Hilly,26.35,16.74,294.31,Foggy
2025-04-22 08:35:00,EV103,57.08,4.76,69.44,0.56,0.0,Flat,26.54,19.24,289.77,Clear
2025-04-22 08:40:00,EV103,39.31,3.28,69.33,0.54,0.08,Downhill,29.23,12.48,286.53,Cloudy
2025-04-22 08:45:00,EV103,53.7,4.48,68.94,0.54,0.36,Downhill,30.91,16.19,281.86,Sunny
2025-04-22 08:50:00,EV103,50.05,4.17,68.73,0.54,0.3,Downhill,35.18,15.18,277.71,Clear
2025-04-22 08:55:00,EV103,48.26,4.02,68.36,0.88,0.03,Hilly,28.73,9.92,279.68,Cloudy
2025-04-22 09:00:00,EV103,39.25,3.27,67.92,0.42,0.2,Hilly,30.13,14.19,282.58,Sunny
2025-04-22 09:05:00,EV103,44.92,3.74,67.71,0.51,0.28,Hilly,30.95,11.78,280.23,Clear
2025-04-22 09:10:00,EV103,49.84,4.15,67.43,0.99,0.41,Downhill,38.68,18.57,277.97,Cloudy
2025-04-22 09:15:00,EV103,58.32,4.86,67.21,0.22,0.11,Hilly,30.0,14.84,273.9,Rainy
2025-04-22 09:20:00,EV103,56.71,4.73,66.85,0.45,0.25,Downhill,25.08,11.35,273.08,Clear
2025-04-22 09:25:00,EV103,36.24,3.02,66.7,0.42,0.1,Hilly,28.83,18.41,269.9,Rainy
2025-04-22 09:30:00,EV103,39.52,3.29,66.43,1.06,0.33,Hilly,38.58,17.21,268.46,Rainy
2025-04-22 09:35:00,EV103,46.12,3.84,66.21,0.77,0.15,Downhill,37.82,16.7,265.64,Cloudy
2025-04-22 09:40:00,EV103,51.29,4.27,66.11,0.52,0.19,Flat,35.27,13.57,265.79,Rainy
2025-04-22 09:45:00,EV103,33.8,2.82,65.92,0.56,0.17,Hilly,33.24,14.36,262.39,Cloudy
2025-04-22 09:50:00,EV103,54.38,4.53,65.74,0.66,0.47,Hilly,33.74,11.83,265.7,Rainy
2025-04-22 09:55:00,EV103,55.34,4.61,65.55,0.56,0.5,Flat,36.1,16.64,267.63,Rainy
2025-04-22 10:00:00,EV103,38.25,3.19,65.28,0.49,0.35,Downhill,31.23,5.61,271.16,Sunny
2025-04-22 10:05:00,EV103,58.28,4.86,64.92,0.51,0.36,Hilly,28.75,9.29,273.28,Foggy
2025-04-22 10:10:00,EV103,31.1,2.59,64.62,0.52,0.0,Uphill,26.07,15.22,268.35,Sunny
2025-04-22 10:15:00,EV103,41.43,3.45,64.29,0.06,0.0,Uphill,27.94,6.01,264.57,Sunny
2025-04-22 10:20:00,EV103,51.64,4.3,63.83,0.37,0.08,Flat,32.45,7.55,264.6,Foggy
2025-04-22 10:25:00,EV103,41.49,3.46,63.42,0.34,0.91,Flat,38.78,11.52,268.69,Clear
2025-04-22 10:30:00,EV103,47.36,3.95,63.0,0.55,0.34,Uphill,37.89,19.65,266.27,Rainy
2025-04-22 10:35:00,EV103,32.51,2.71,62.87,0.36,0.74,Downhill,38.32,6.53,261.71,Cloudy
2025-04-22 10:40:00,EV103,38.56,3.21,62.68,0.28,0.31,Flat,33.47,11.15,263.55,Foggy
2025-04-22 10:45:00,EV103,42.62,3.55,62.27,0.75,0.31,Flat,33.29,6.51,264.61,Clear
2025-04-22 10:50:00,EV103,38.97,3.25,62.05,0.39,0.16,Uphill,38.85,15.54,269.54,Cloudy
2025-04-22 10:55:00,EV103,49.19,4.1,61.92,0.51,0.64,Uphill,30.28,10.4,271.12,Clear
2025-04-22 11:00:00,EV103,54.63,4.55,61.66,0.45,0.07,Downhill,34.66,12.83,266.91,Cloudy
2025-04-22 11:05:00,EV103,50.76,4.23,61.16,0.58,0.18,Downhill,36.57,13.69,266.3,Cloudy
2025-04-22 11:10:00,EV103,47.37,3.95,60.68,0.44,0.38,Hilly,36.33,6.2,267.29,Clear
2025-04-22 11:15:00,EV103,54.99,4.58,60.38,0.24,0.0,Uphill,28.66,17.41,262.99,Foggy
2025-04-22 11:20:00,EV103,49.64,4.14,60.16,0.66,0.23,Downhill,33.33,10.73,259.25,Foggy
2025-04-22 11:25:00,EV103,38.37,3.2,59.97,0.5,0.3,Flat,25.61,19.0,258.86,Sunny
2025-04-22 11:30:00,EV103,22.02,1.84,59.52,0.66,0.0,Uphill,25.1,8.54,259.57,Sunny
2025-04-22 11:35:00,EV103,47.36,3.95,59.21,0.7,0.34,Hilly,37.38,19.23,257.64,Clear
2025-04-22 11:40:00,EV103,45.9,3.83,58.9,0.68,0.25,Flat,33.81,5.51,254.66,Cloudy
2025-04-22 11:45:00,EV103,49.91,4.16,58.75,0.42,0.0,Hilly,33.37,5.83,258.04,Cloudy
2025-04-22 11:50:00,EV103,33.47,2.79,58.5,0.39,0.23,Flat,27.36,6.27,255.33,Rainy
2025-04-22 11:55:00,EV103,57.58,4.8,58.12,0.41,0.69,Downhill,29.62,6.88,252.03,Clear
2025-04-22 12:00:00,EV103,42.42,3.53,57.92,0.5,0.64,Uphill,32.07,14.3,247.62,Foggy
2025-04-22 12:05:00,EV103,56.8,4.73,57.6,0.66,0.25,Flat,39.13,11.83,243.14,Cloudy
2025-04-22 12:10:00,EV103,55.76,4.65,57.4,0.31,0.35,Hilly,37.22,5.91,247.26,Foggy
2025-04-22 12:15:00,EV103,59.82,4.99,57.23,0.56,0.3,Uphill,35.91,5.04,245.93,Foggy
2025-04-22 12:20:00,EV103,58.41,4.87,57.09,0.48,0.5,Downhill,39.25,16.45,250.6,Rainy
2025-04-22 12:25:00,EV103,40.05,3.34,56.67,0.42,0.43,Hilly,25.92,12.2,253.91,Foggy
2025-04-22 12:30:00,EV103,35.94,3.0,56.25,0.73,0.62,Flat,35.47,14.57,258.37,Clear
2025-04-22 12:35:00,EV103,57.89,4.82,55.78,0.58,0.34,Flat,39.74,15.29,256.59,Sunny
2025-04-22 12:40:00,EV103,44.26,3.69,55.32,0.52,0.4,Flat,34.51,8.49,259.49,Rainy
2025-04-22 12:45:00,EV103,72.63,6.05,54.9,0.46,0.24,Uphill,37.69,6.61,256.23,Clear
2025-04-22 12:50:00,EV103,46.46,3.87,54.44,0.68,0.2,Downhill,25.24,7.12,253.79,Clear
2025-04-22 12:55:00,EV103,55.51,4.63,54.08,0.51,0.12,Uphill,26.27,13.98,252.31,Cloudy
2025-04-22 13:00:00,EV103,40.16,3.35,53.79,0.52,0.26,Hilly,34.43,16.15,251.47,Rainy
2025-04-22 13:05:00,EV103,35.33,2.94,53.46,0.35,0.29,Uphill,36.8,14.47,252.7,Sunny
2025-04-22 13:10:00,EV103,50.74,4.23,53.1,0.74,0.38,Flat,30.14,19.32,255.1,Rainy
2025-04-22 13:15:00,EV103,44.76,3.73,52.84,0.57,0.08,Uphill,37.07,17.5,255.5,Foggy
2025-04-22 13:20:00,EV103,55.15,4.6,52.38,0.38,0.0,Flat,26.3,18.62,258.08,Sunny
2025-04-22 13:25:00,EV103,55.02,4.59,52.18,0.73,0.79,Uphill,34.83,5.18,257.36,Foggy
2025-04-22 13:30:00,EV103,43.9,3.66,52.05,0.37,0.45,Uphill,25.86,17.83,260.48,Clear
2025-04-22 13:35:00,EV103,39.03,3.25,51.66,0.08,0.4,Uphill,31.49,19.85,260.68,Rainy
2025-04-22 13:40:00,EV103,40.71,3.39,51.34,0.67,0.18,Hilly,25.39,15.95,256.19,Cloudy
2025-04-22 13:45:00,EV103,31.66,2.64,51.09,1.03,0.36,Flat,33.64,13.6,260.97,Cloudy
2025-04-22 13:50:00,EV103,36.8,3.07,50.77,0.61,0.25,Uphill,36.92,12.72,258.22,Cloudy
2025-04-22 13:55:00,EV103,40.42,3.37,50.35,0.5,0.16,Flat,27.34,14.85,256.27,Rainy
2025-04-22 14:00:00,EV103,44.77,3.73,50.09,0.52,0.13,Uphill,39.0,6.75,256.34,Rainy
2025-04-22 14:05:00,EV103,47.95,4.0,49.82,0.1,0.12,Downhill,38.5,14.42,261.18,Foggy
2025-04-22 14:10:00,EV103,37.3,3.11,49.56,0.53,0.04,Downhill,33.49,19.08,265.59,Sunny
2025-04-22 14:15:00,EV103,29.81,2.48,49.24,0.51,0.56,Uphill,32.11,8.43,269.12,Foggy
2025-04-22 14:20:00,EV103,40.88,3.41,48.99,0.74,0.35,Uphill,31.93,10.34,271.05,Clear
2025-04-22 14:25:00,EV103,50.49,4.21,48.79,0.72,0.54,Uphill,26.92,18.76,276.0,Foggy
2025-04-22 14:30:00,EV103,57.68,4.81,48.5,0.18,0.61,Downhill,29.31,11.16,276.1,Clear
2025-04-22 14:35:00,EV103,45.49,3.79,48.34,1.0,0.19,Flat,39.03,15.22,280.74,Foggy
2025-04-22 14:40:00,EV103,33.51,2.79,48.08,0.29,0.0,Hilly,28.4,13.59,283.93,Clear
2025-04-22 14:45:00,EV103,38.97,3.25,47.95,0.41,0.31,Downhill,32.55,17.94,283.99,Cloudy
2025-04-22 14:50:00,EV103,36.61,3.05,47.79,0.63,0.34,Uphill,29.84,15.81,282.99,Foggy
2025-04-22 14:55:00,EV103,43.61,3.63,47.52,0.72,0.43,Uphill,38.91,5.66,285.35,Sunny
2025-04-22 15:00:00,EV103,44.51,3.71,47.33,0.15,0.34,Flat,27.6,6.8,281.47,Rainy
2025-04-22 15:05:00,EV103,25.42,2.12,46.98,0.1,0.23,Uphill,37.79,14.6,276.79,Clear
2025-04-22 15:10:00,EV103,42.15,3.51,46.63,0.59,0.34,Uphill,34.81,9.11,278.45,Cloudy
2025-04-22 15:15:00,EV103,48.25,4.02,46.23,0.63,0.62,Downhill,31.05,9.03,281.7,Rainy
2025-04-22 15:20:00,EV103,39.1,3.26,45.85,0.51,0.32,Downhill,26.4,18.35,286.24,Rainy
2025-04-22 15:25:00,EV103,49.85,4.15,45.36,0.54,0.54,Downhill,39.37,16.23,285.8,Sunny
2025-04-22 15:30:00,EV103,50.1,4.18,45.17,0.47,0.3,Uphill,39.91,19.73,283.57,Cloudy
2025-04-22 15:35:00,EV103,45.07,3.76,44.8,0.59,0.33,Flat,36.34,6.75,281.84,Cloudy
2025-04-22 15:40:00,EV103,27.64,2.3,44.37,0.61,0.16,Uphill,26.15,16.31,278.0,Sunny
2025-04-22 15:45:00,EV103,49.99,4.17,44.25,0.68,0.41,Hilly,25.97,9.07,273.71,Clear
2025-04-22 15:50:00,EV103,47.92,3.99,43.85,0.45,0.04,Hilly,29.86,9.25,276.9,Sunny
2025-04-22 15:55:00,EV103,35.22,2.94,43.58,0.84,0.11,Flat,37.45,18.86,280.02,Clear
2025-04-22 16:00:00,EV103,37.55,3.13,43.38,0.07,0.18,Flat,35.53,19.19,280.24,Rainy
2025-04-22 16:05:00,EV103,47.64,3.97,43.02,0.13,0.2,Downhill,33.25,19.11,276.5,Sunny
2025-04-22 16:10:00,EV103,43.81,3.65,42.84,0.77,0.03,Uphill,25.28,14.15,272.99,Cloudy
2025-04-22 16:15:00,EV103,35.19,2.93,42.67,0.77,0.58,Hilly,31.33,9.41,277.83,Clear
2025-04-22 16:20:00,EV103,44.35,3.7,42.27,0.02,0.22,Downhill,34.22,19.19,273.51,Cloudy
2025-04-22 16:25:00,EV103,43.54,3.63,42.15,0.43,0.56,Hilly,31.26,16.18,275.7,Clear
2025-04-22 16:30:00,EV103,47.33,3.94,41.96,0.18,0.02,Downhill,36.22,7.04,278.35,Clear
2025-04-22 16:35:00,EV103,34.91,2.91,41.49,0.43,0.0,Uphill,35.77,14.67,282.26,Foggy
2025-04-22 16:40:00,EV103,39.82,3.32,41.01,0.44,0.32,Flat,27.58,13.27,278.66,Rainy
2025-04-22 16:45:00,EV103,52.75,4.4,40.81,0.43,0.2,Flat,30.9,13.14,274.02,Sunny
2025-04-22 16:50:00,EV103,50.11,4.18,40.69,0.6,0.32,Flat,32.19,5.48,272.77,Cloudy
2025-04-22 16:55:00,EV103,43.84,3.65,40.42,0.49,0.57,Uphill,36.23,5.58,272.87,Sunny
2025-04-22 17:00:00,EV103,43.26,3.6,40.02,0.65,0.45,Hilly,35.01,5.64,271.32,Foggy
2025-04-22 17:05:00,EV103,38.66,3.22,39.59,0.45,0.19,Flat,32.18,8.05,269.17,Rainy
2025-04-22 17:10:00,EV103,38.42,3.2,39.33,0.09,0.0,Hilly,25.96,10.83,264.83,Sunny
2025-04-22 17:15:00,EV103,40.57,3.38,39.21,0.41,0.77,Uphill,28.2,5.79,263.77,Cloudy
2025-04-22 17:20:00,EV103,46.32,3.86,38.87,0.71,0.57,Flat,26.55,8.48,258.94,Rainy
2025-04-22 17:25:00,EV103,32.77,2.73,38.45,0.29,0.25,Flat,39.96,7.86,255.88,Sunny
2025-04-22 17:30:00,EV103,41.33,3.44,38.19,0.62,0.0,Downhill,29.05,15.16,254.95,Cloudy
2025-04-22 17:35:00,EV103,69.54,5.8,38.08,0.89,0.45,Hilly,30.31,17.04,250.94,Clear
2025-04-22 17:40:00,EV103,50.43,4.2,37.71,0.76,0.33,Downhill,27.81,12.44,247.49,Foggy
2025-04-22 17:45:00,EV103,55.16,4.6,37.48,0.55,0.28,Uphill,28.49,16.72,247.13,Clear
2025-04-22 17:50:00,EV103,38.36,3.2,37.05,0.47,0.03,Uphill,25.88,17.3,247.06,Sunny
2025-04-22 17:55:00,EV103,52.34,4.36,36.7,0.19,0.0,Uphill,28.31,5.52,247.2,Cloudy
2025-04-22 18:00:00,EV103,53.21,4.43,36.23,0.85,0.25,Downhill,33.92,15.92,246.96,Foggy
2025-04-22 18:05:00,EV103,40.18,3.35,36.03,0.77,0.19,Flat,34.58,7.34,251.32,Cloudy
2025-04-22 18:10:00,EV103,36.27,3.02,35.59,0.66,0.16,Uphill,39.97,12.18,254.56,Clear
2025-04-22 18:15:00,EV103,44.39,3.7,35.24,0.17,0.12,Downhill,36.49,17.78,250.1,Clear
2025-04-22 18:20:00,EV103,29.57,2.46,34.96,0.61,0.08,Uphill,29.22,13.71,254.98,Rainy
2025-04-22 18:25:00,EV103,23.33,1.94,34.62,0.05,0.69,Downhill,32.59,16.0,259.81,Clear
2025-04-22 18:30:00,EV103,36.17,3.01,34.45,0.03,0.0,Downhill,29.94,11.61,260.1,Foggy
2025-04-22 18:35:00,EV103,37.49,3.12,34.17,0.6,0.17,Hilly,30.09,14.35,258.21,Sunny
2025-04-22 18:40:00,EV103,70.75,5.9,33.96,0.36,0.34,Flat,28.17,6.21,261.59,Foggy
2025-04-22 18:45:00,EV103,46.63,3.89,33.84,0.53,0.12,Hilly,37.9,7.75,264.39,Cloudy
2025-04-22 18:50:00,EV103,53.68,4.47,33.66,0.58,0.54,Downhill,38.99,19.92,261.57,Foggy
2025-04-22 18:55:00,EV103,57.12,4.76,33.22,0.42,0.04,Downhill,26.07,19.08,258.91,Sunny
2025-04-22 19:00:00,EV103,29.95,2.5,32.88,0.51,0.22,Hilly,28.16,5.75,254.78,Rainy
2025-04-22 19:05:00,EV103,60.51,5.04,32.63,0.24,0.55,Downhill,26.25,8.53,252.32,Sunny
2025-04-22 19:10:00,EV103,39.22,3.27,32.33,0.64,0.09,Flat,26.91,13.26,254.49,Rainy
2025-04-22 19:15:00,EV103,52.3,4.36,31.92,0.49,0.1,Uphill,30.03,6.69,258.58,Clear
2025-04-22 19:20:00,EV103,55.47,4.62,31.51,0.63,0.5,Uphill,37.85,13.56,262.29,Cloudy
2025-04-22 19:25:00,EV103,43.5,3.63,31.35,0.28,0.42,Downhill,36.51,8.06,265.41,Cloudy
2025-04-22 19:30:00,EV103,38.76,3.23,31.06,0.32,0.09,Uphill,33.74,6.66,263.69,Clear
2025-04-22 19:35:00,EV103,38.47,3.21,30.8,0.57,0.4,Downhill,30.24,15.45,261.27,Clear
2025-04-22 19:40:00,EV103,45.65,3.8,30.4,0.53,0.18,Hilly,32.33,12.89,260.27,Cloudy
2025-04-22 19:45:00,EV103,44.16,3.68,30.04,0.16,0.18,Downhill,31.7,14.48,259.73,Cloudy
2025-04-22 19:50:00,EV103,36.85,3.07,29.88,0.39,0.3,Flat,31.86,14.16,256.79,Sunny
2025-04-22 19:55:00,EV103,45.84,3.82,29.38,0.59,0.49,Hilly,30.87,16.21,261.3,Sunny
2025-04-22 20:00:00,EV103,43.18,3.6,29.02,0.64,0.12,Flat,26.32,15.3,258.81,Rainy
2025-04-22 20:05:00,EV103,63.85,5.32,28.69,0.28,0.06,Flat,32.66,19.96,261.48,Foggy
2025-04-22 20:10:00,EV103,43.64,3.64,28.26,0.65,0.27,Downhill,38.83,16.03,259.9,Rainy
2025-04-22 20:15:00,EV103,71.23,5.94,27.79,0.54,0.14,Flat,26.62,5.07,258.26,Sunny
2025-04-22 20:20:00,EV103,49.07,4.09,27.61,0.56,0.29,Uphill,29.21,15.62,254.52,Foggy
2025-04-22 20:25:00,EV103,49.33,4.11,27.34,0.5,0.26,Hilly,26.44,9.43,257.73,Sunny
2025-04-22 20:30:00,EV103,50.49,4.21,27.19,0.85,0.15,Hilly,37.32,19.31,259.92,Rainy
2025-04-22 20:35:00,EV103,41.42,3.45,26.8,0.35,0.12,Downhill,32.89,10.44,255.6,Foggy
2025-04-22 20:40:00,EV103,33.87,2.82,26.52,0.35,0.33,Downhill,35.95,7.57,258.64,Clear
2025-04-22 20:45:00,EV103,48.7,4.06,26.22,0.48,0.29,Flat,29.3,16.28,254.59,Cloudy
2025-04-22 20:50:00,EV103,42.28,3.52,25.92,0.27,0.24,Uphill,30.16,8.16,255.69,Clear
2025-04-22 20:55:00,EV103,53.33,4.44,25.68,0.63,0.44,Flat,29.37,10.85,258.48,Foggy
2025-04-22 21:00:00,EV103,30.41,2.53,25.23,0.59,0.27,Downhill,39.41,11.94,261.54,Cloudy
2025-04-22 21:05:00,EV103,49.2,4.1,24.85,0.51,0.35,Hilly,37.64,5.61,258.06,Foggy
2025-04-22 21:10:00,EV103,47.04,3.92,24.5,0.51,0.15,Hilly,32.82,13.06,256.59,Clear
2025-04-22 21:15:00,EV103,43.83,3.65,24.15,0.62,0.35,Hilly,25.59,7.0,257.69,Rainy
2025-04-22 21:20:00,EV103,42.11,3.51,24.02,0.61,0.34,Uphill,26.65,6.44,261.69,Clear
2025-04-22 21:25:00,EV103,45.12,3.76,23.76,0.44,0.22,Downhill,32.66,17.92,259.63,Cloudy
2025-04-22 21:30:00,EV103,44.55,3.71,23.36,0.45,0.63,Uphill,31.01,9.65,255.54,Rainy
2025-04-22 21:35:00,EV103,44.5,3.71,23.03,0.41,0.26,Uphill,37.13,7.55,253.52,Cloudy
2025-04-22 21:40:00,EV103,51.46,4.29,22.81,0.45,0.62,Uphill,27.83,7.27,249.18,Clear
2025-04-22 21:45:00,EV103,61.91,5.16,22.42,0.65,0.22,Hilly,34.69,5.73,251.49,Cloudy
2025-04-22 21:50:00,EV103,39.03,3.25,22.25,0.4,0.38,Flat,25.09,14.32,246.88,Rainy
2025-04-22 21:55:00,EV103,47.99,4.0,22.05,0.4,0.59,Hilly,39.64,16.57,243.92,Clear
2025-04-22 22:00:00,EV103,38.46,3.2,21.56,0.47,0.0,Flat,33.79,17.8,244.89,Rainy
2025-04-22 22:05:00,EV103,55.25,4.6,21.15,0.58,0.51,Flat,32.74,19.88,245.53,Clear
2025-04-22 22:10:00,EV103,43.32,3.61,20.9,0.49,0.13,Downhill,26.41,5.16,242.02,Sunny
2025-04-22 22:15:00,EV103,50.03,4.17,20.78,0.4,0.3,Hilly,26.47,19.02,240.42,Sunny
2025-04-22 22:20:00,EV103,43.78,3.65,20.45,0.53,0.47,Flat,28.58,15.54,240.77,Clear
2025-04-22 22:25:00,EV103,41.94,3.49,20.27,0.42,0.72,Flat,29.93,18.96,237.87,Clear
2025-04-22 22:30:00,EV103,41.45,3.45,20.01,0.63,0.04,Flat,26.74,13.31,238.88,Sunny
2025-04-22 22:35:00,EV103,36.12,3.01,19.59,0.68,0.12,Hilly,36.09,7.21,234.11,Clear
2025-04-22 06:00:00,EV104,45.26,3.77,90.23,0.4,0.59,Uphill,39.56,19.57,347.21,Rainy
2025-04-22 06:05:00,EV104,42.19,3.52,90.06,0.39,0.55,Hilly,26.63,10.05,348.68,Clear
2025-04-22 06:10:00,EV104,47.61,3.97,89.91,0.15,0.1,Downhill,28.27,5.75,347.34,Cloudy
2025-04-22 06:15:00,EV104,50.63,4.22,89.61,0.24,0.0,Uphill,28.95,13.17,347.37,Clear
2025-04-22 06:20:00,EV104,52.54,4.38,89.4,0.71,0.37,Downhill,36.75,5.13,346.92,Rainy
2025-04-22 06:25:00,EV104,51.15,4.26,89.05,0.33,0.34,Downhill,28.7,12.05,351.24,Cloudy
2025-04-22 06:30:00,EV104,43.17,3.6,88.8,0.76,0.3,Uphill,37.81,6.91,349.67,Sunny
2025-04-22 06:35:00,EV104,49.33,4.11,88.59,0.52,0.08,Flat,32.14,17.41,347.98,Rainy
2025-04-22 06:40:00,EV104,51.32,4.28,88.31,0.49,0.3,Uphill,32.22,6.15,347.62,Rainy
2025-04-22 06:45:00,EV104,43.44,3.62,87.89,0.8,0.07,Downhill,32.27,19.47,346.96,Foggy
2025-04-22 06:50:00,EV104,49.53,4.13,87.6,0.24,0.0,Uphill,39.77,14.23,348.32,Sunny
2025-04-22 06:55:00,EV104,60.72,5.06,87.41,0.51,0.32,Flat,29.78,12.24,347.53,Sunny
2025-04-22 07:00:00,EV104,26.36,2.2,87.29,0.48,0.35,Uphill,34.21,16.85,344.08,Cloudy
2025-04-22 07:05:00,EV104,30.8,2.57,86.93,0.3,0.45,Flat,25.94,11.43,342.28,Rainy
2025-04-22 07:10:00,EV104,42.23,3.52,86.69,0.53,0.0,Hilly,31.21,17.29,347.14,Rainy
2025-04-22 07:15:00,EV104,67.37,5.61,86.53,0.72,0.24,Uphill,38.1,12.07,344.0,Cloudy
2025-04-22 07:20:00,EV104,58.46,4.87,86.04,0.56,0.29,Hilly,30.73,19.44,348.64,Rainy
2025-04-22 07:25:00,EV104,48.89,4.07,85.65,0.22,0.43,Downhill,33.23,10.04,347.86,Clear
2025-04-22 07:30:00,EV104,43.81,3.65,85.16,0.56,0.31,Uphill,37.0,12.18,350.18,Cloudy
2025-04-22 07:35:00,EV104,54.61,4.55,84.99,0.89,0.49,Hilly,28.61,7.85,353.8,Rainy
2025-04-22 07:40:00,EV104,56.97,4.75,84.5,0.41,0.35,Uphill,26.46,7.32,351.5,Sunny
2025-04-22 07:45:00,EV104,52.49,4.37,84.29,0.52,0.24,Downhill,26.36,10.41,351.49,Clear
2025-04-22 07:50:00,EV104,46.55,3.88,83.98,0.56,0.23,Hilly,25.93,18.92,350.67,Foggy
2025-04-22 07:55:00,EV104,48.78,4.07,83.78,0.49,0.55,Hilly,37.67,5.51,349.54,Rainy
2025-04-22 08:00:00,EV104,46.83,3.9,83.31,0.15,0.36,Flat,36.79,8.47,347.47,Clear
2025-04-22 08:05:00,EV104,40.63,3.39,83.13,0.57,0.41,Flat,38.16,6.83,342.66,Cloudy
2025-04-22 08:10:00,EV104,43.88,3.66,82.9,0.41,0.28,Downhill,32.06,5.07,347.46,Cloudy
2025-04-22 08:15:00,EV104,37.9,3.16,82.77,0.28,0.4,Uphill,28.56,9.97,350.28,Sunny
2025-04-22 08:20:00,EV104,35.31,2.94,82.44,0.64,0.19,Downhill,32.99,5.81,347.5,Cloudy
2025-04-22 08:25:00,EV104,39.04,3.25,82.24,0.63,0.56,Downhill,26.35,11.96,349.48,Rainy
2025-04-22 08:30:00,EV104,52.75,4.4,81.81,0.45,0.52,Downhill,28.0,14.18,347.35,Clear
2025-04-22 08:35:00,EV104,45.73,3.81,81.46,0.28,0.52,Flat,35.34,9.77,350.51,Cloudy
2025-04-22 08:40:00,EV104,44.69,3.72,80.98,0.27,0.5,Hilly,38.98,9.58,347.36,Sunny
2025-04-22 08:45:00,EV104,48.44,4.04,80.67,0.36,0.09,Downhill,33.77,19.47,345.35,Clear
2025-04-22 08:50:00,EV104,38.78,3.23,80.44,0.67,0.07,Flat,25.22,17.31,344.43,Cloudy
2025-04-22 08:55:00,EV104,55.87,4.66,80.13,0.92,0.28,Flat,27.47,16.61,345.38,Rainy
2025-04-22 09:00:00,EV104,51.51,4.29,79.7,0.65,0.28,Downhill,27.49,13.65,346.01,Clear
2025-04-22 09:05:00,EV104,35.29,2.94,79.27,0.56,0.33,Flat,25.57,11.62,348.53,Rainy
2025-04-22 09:10:00,EV104,55.71,4.64,78.86,0.45,0.14,Downhill,31.0,18.58,353.22,Sunny
2025-04-22 09:15:00,EV104,51.04,4.25,78.52,0.57,0.19,Uphill,39.04,14.61,356.4,Cloudy
2025-04-22 09:20:00,EV104,38.12,3.18,78.28,0.54,0.36,Uphill,31.11,14.76,355.06,Rainy
2025-04-22 09:25:00,EV104,68.43,5.7,77.83,0.54,0.45,Flat,28.66,16.94,358.31,Rainy
2025-04-22 09:30:00,EV104,43.37,3.61,77.62,0.89,0.16,Downhill,38.7,10.14,354.61,Clear
2025-04-22 09:35:00,EV104,54.93,4.58,77.46,0.24,0.65,Downhill,27.8,13.85,351.31,Clear
2025-04-22 09:40:00,EV104,48.0,4.0,77.28,0.45,0.28,Uphill,26.64,16.65,354.07,Rainy
2025-04-22 09:45:00,EV104,35.17,2.93,77.15,0.37,0.22,Flat,29.36,14.22,355.95,Rainy
2025-04-22 09:50:00,EV104,28.29,2.36,76.77,0.46,0.26,Flat,31.17,18.7,356.91,Rainy
2025-04-22 09:55:00,EV104,43.27,3.61,76.67,0.7,0.42,Downhill,38.74,7.88,353.62,Sunny
2025-04-22 10:00:00,EV104,45.22,3.77,76.52,0.48,0.12,Hilly,29.48,10.45,358.48,Sunny
2025-04-22 10:05:00,EV104,46.49,3.87,76.2,0.57,0.24,Downhill,31.69,9.6,354.22,Cloudy
2025-04-22 10:10:00,EV104,46.87,3.91,75.91,0.37,0.33,Uphill,39.79,6.55,354.48,Sunny
2025-04-22 10:15:00,EV104,46.1,3.84,75.77,0.67,0.41,Downhill,27.07,16.61,352.81,Cloudy
2025-04-22 10:20:00,EV104,48.97,4.08,75.45,0.34,0.03,Flat,25.19,12.96,354.25,Clear
2025-04-22 10:25:00,EV104,34.47,2.87,75.22,0.45,0.53,Flat,31.2,11.58,349.83,Clear
2025-04-22 10:30:00,EV104,41.27,3.44,75.06,0.44,0.0,Downhill,27.48,16.16,349.42,Sunny
2025-04-22 10:35:00,EV104,46.12,3.84,74.65,0.63,0.46,Downhill,27.24,6.57,348.85,Sunny
2025-04-22 10:40:00,EV104,38.24,3.19,74.43,0.0,0.43,Flat,30.44,11.34,345.78,Sunny
2025-04-22 10:45:00,EV104,43.85,3.65,74.32,0.77,0.33,Hilly,35.57,11.43,345.41,Rainy
2025-04-22 10:50:00,EV104,58.96,4.91,73.83,0.56,0.28,Uphill,26.97,5.92,344.24,Rainy
2025-04-22 10:55:00,EV104,39.96,3.33,73.62,0.21,0.13,Uphill,34.61,18.63,347.34,Cloudy
2025-04-22 11:00:00,EV104,40.2,3.35,73.52,0.28,0.15,Downhill,34.4,18.99,351.75,Cloudy
2025-04-22 11:05:00,EV104,44.59,3.72,73.06,0.4,0.29,Downhill,27.43,15.02,352.58,Foggy
2025-04-22 11:10:00,EV104,37.12,3.09,72.91,0.17,0.3,Downhill,39.53,11.49,350.49,Foggy
2025-04-22 11:15:00,EV104,32.29,2.69,72.66,0.74,0.2,Downhill,36.19,15.5,352.68,Rainy
2025-04-22 11:20:00,EV104,40.44,3.37,72.24,0.45,0.67,Uphill,33.97,16.17,353.73,Clear
2025-04-22 11:25:00,EV104,58.47,4.87,71.79,0.21,0.23,Flat,27.56,10.4,351.75,Clear
2025-04-22 11:30:00,EV104,50.52,4.21,71.31,0.08,0.74,Downhill,37.59,5.06,348.6,Sunny
2025-04-22 11:35:00,EV104,51.19,4.27,70.88,0.76,0.36,Downhill,35.95,16.23,343.91,Sunny
2025-04-22 11:40:00,EV104,57.79,4.82,70.73,0.29,0.44,Flat,32.33,11.46,341.11,Foggy
2025-04-22 11:45:00,EV104,53.35,4.45,70.31,0.1,0.42,Downhill,38.12,9.8,340.94,Sunny
2025-04-22 11:50:00,EV104,44.81,3.73,70.03,0.6,0.21,Flat,33.18,5.94,343.18,Cloudy
2025-04-22 11:55:00,EV104,19.81,1.65,69.73,0.61,0.57,Hilly,39.75,12.47,347.04,Cloudy
2025-04-22 12:00:00,EV104,31.54,2.63,69.36,0.74,0.35,Downhill,30.44,9.94,345.48,Clear
2025-04-22 12:05:00,EV104,29.59,2.47,69.19,0.25,0.1,Downhill,27.85,19.75,344.2,Cloudy
2025-04-22 12:10:00,EV104,41.22,3.44,68.71,0.41,0.0,Hilly,28.8,9.1,344.51,Sunny
2025-04-22 12:15:00,EV104,46.68,3.89,68.55,0.45,0.57,Downhill,31.11,15.51,346.42,Cloudy
2025-04-22 12:20:00,EV104,29.92,2.49,68.4,0.4,0.35,Hilly,38.96,7.73,345.87,Foggy
2025-04-22 12:25:00,EV104,46.83,3.9,68.06,0.74,0.75,Hilly,37.24,14.62,343.75,Rainy
2025-04-22 12:30:00,EV104,59.13,4.93,67.89,0.36,0.13,Hilly,35.59,8.12,344.99,Clear
2025-04-22 12:35:00,EV104,21.66,1.8,67.42,0.66,0.19,Flat,36.9,19.62,347.26,Clear
2025-04-22 12:40:00,EV104,47.77,3.98,67.3,0.65,0.24,Hilly,25.25,12.87,347.47,Rainy
2025-04-22 12:45:00,EV104,34.22,2.85,66.81,0.52,0.52,Downhill,39.84,15.73,346.87,Cloudy
2025-04-22 12:50:00,EV104,48.84,4.07,66.54,0.44,0.11,Flat,33.63,5.86,344.69,Clear
2025-04-22 12:55:00,EV104,45.79,3.82,66.22,0.5,0.36,Hilly,31.82,17.97,341.85,Cloudy
2025-04-22 13:00:00,EV104,45.51,3.79,65.92,0.55,0.39,Downhill,35.19,11.19,339.06,Clear
2025-04-22 13:05:00,EV104,55.27,4.61,65.51,0.42,0.51,Downhill,27.45,18.35,343.27,Cloudy
2025-04-22 13:10:00,EV104,34.89,2.91,65.18,0.42,0.04,Uphill,25.96,9.35,346.14,Rainy
2025-04-22 13:15:00,EV104,51.55,4.3,64.95,0.93,0.37,Uphill,28.22,9.24,343.68,Clear
2025-04-22 13:20:00,EV104,42.8,3.57,64.74,1.06,0.56,Flat,27.94,9.06,339.48,Foggy
2025-04-22 13:25:00,EV104,49.06,4.09,64.63,0.78,0.55,Hilly,35.79,17.72,340.29,Cloudy
2025-04-22 13:30:00,EV104,51.43,4.29,64.18,0.77,0.42,Flat,33.4,12.93,341.99,Foggy
2025-04-22 13:35:00,EV104,33.12,2.76,63.74,0.67,0.3,Uphill,28.21,19.53,346.69,Foggy
2025-04-22 13:40:00,EV104,41.63,3.47,63.49,0.25,0.45,Uphill,30.1,11.34,350.23,Sunny
2025-04-22 13:45:00,EV104,42.29,3.52,63.24,0.21,0.27,Uphill,36.52,6.16,354.63,Rainy
2025-04-22 13:50:00,EV104,26.36,2.2,63.11,0.21,0.3,Flat,35.75,12.9,356.37,Rainy
2025-04-22 13:55:00,EV104,48.54,4.04,62.72,0.28,0.17,Hilly,32.92,12.41,353.48,Sunny
2025-04-22 14:00:00,EV104,42.78,3.56,62.33,0.07,0.34,Downhill,39.1,17.39,350.07,Cloudy
2025-04-22 14:05:00,EV104,26.42,2.2,61.93,0.62,0.61,Uphill,29.44,15.26,349.14,Cloudy
2025-04-22 14:10:00,EV104,59.58,4.97,61.52,0.38,0.03,Flat,36.3,18.36,346.12,Clear
2025-04-22 14:15:00,EV104,28.78,2.4,61.02,0.56,0.0,Downhill,33.52,18.96,347.85,Foggy
2025-04-22 14:20:00,EV104,41.34,3.45,60.83,0.68,0.46,Flat,30.47,19.01,352.51,Sunny
2025-04-22 14:25:00,EV104,46.74,3.9,60.56,0.7,0.27,Downhill,32.77,9.26,353.76,Clear
2025-04-22 14:30:00,EV104,44.88,3.74,60.24,0.41,0.5,Hilly,39.08,18.61,356.63,Rainy
2025-04-22 14:35:00,EV104,45.79,3.82,59.81,0.39,0.24,Hilly,36.53,18.68,357.2,Rainy
2025-04-22 14:40:00,EV104,56.65,4.72,59.48,0.36,0.39,Flat,36.53,18.07,352.66,Sunny
2025-04-22 14:45:00,EV104,36.81,3.07,59.14,0.32,0.42,Hilly,26.28,15.24,351.46,Sunny
2025-04-22 14:50:00,EV104,31.55,2.63,58.71,0.37,0.11,Flat,31.71,17.55,350.22,Cloudy
2025-04-22 14:55:00,EV104,37.31,3.11,58.3,0.67,0.42,Uphill,31.4,18.45,353.37,Foggy
2025-04-22 15:00:00,EV104,44.8,3.73,58.13,0.43,0.33,Flat,30.05,8.23,349.08,Foggy
2025-04-22 15:05:00,EV104,54.98,4.58,57.91,0.89,0.17,Flat,37.88,8.48,352.67,Foggy
2025-04-22 15:10:00,EV104,29.74,2.48,57.45,0.28,0.14,Uphill,28.45,10.14,347.87,Cloudy
2025-04-22 15:15:00,EV104,62.38,5.2,57.13,0.68,0.21,Hilly,39.34,19.6,349.27,Foggy
2025-04-22 15:20:00,EV104,48.78,4.07,56.88,0.6,0.2,Flat,30.4,7.17,352.4,Rainy
2025-04-22 15:25:00,EV104,41.99,3.5,56.54,0.21,0.53,Flat,35.14,16.18,355.32,Clear
2025-04-22 15:30:00,EV104,50.79,4.23,56.07,0.64,0.24,Hilly,27.0,6.14,357.67,Rainy
2025-04-22 15:35:00,EV104,62.86,5.24,55.68,0.44,0.16,Flat,29.41,9.12,362.44,Foggy
2025-04-22 15:40:00,EV104,37.45,3.12,55.49,0.44,0.41,Downhill,32.81,13.17,360.55,Foggy
2025-04-22 15:45:00,EV104,27.24,2.27,55.11,0.74,0.46,Uphill,33.77,13.56,364.58,Clear
2025-04-22 15:50:00,EV104,42.76,3.56,54.92,0.82,0.04,Hilly,29.38,11.43,369.19,Foggy
2025-04-22 15:55:00,EV104,54.01,4.5,54.48,0.16,0.56,Downhill,39.58,15.3,364.2,Clear
2025-04-22 16:00:00,EV104,42.63,3.55,54.28,0.42,0.45,Flat,39.72,15.18,365.93,Foggy
2025-04-22 16:05:00,EV104,44.91,3.74,53.93,0.6,0.07,Downhill,30.3,11.42,369.58,Foggy
2025-04-22 16:10:00,EV104,54.91,4.58,53.82,0.47,0.32,Downhill,36.76,16.38,372.76,Foggy
2025-04-22 16:15:00,EV104,39.09,3.26,53.41,0.64,0.07,Downhill,26.5,6.1,368.02,Rainy
2025-04-22 16:20:00,EV104,45.88,3.82,53.18,0.48,0.35,Uphill,35.27,7.1,365.76,Rainy
2025-04-22 16:25:00,EV104,47.31,3.94,52.93,0.68,0.29,Downhill,29.38,12.4,367.79,Foggy
2025-04-22 16:30:00,EV104,29.74,2.48,52.82,0.23,0.36,Hilly,25.53,12.69,367.21,Rainy
2025-04-22 16:35:00,EV104,41.66,3.47,52.55,0.52,0.3,Uphill,32.38,16.58,370.56,Foggy
2025-04-22 16:40:00,EV104,51.24,4.27,52.13,0.55,0.28,Downhill,34.94,15.77,370.86,Cloudy
2025-04-22 16:45:00,EV104,47.97,4.0,51.93,0.3,0.33,Flat,31.7,7.0,373.44,Rainy
2025-04-22 16:50:00,EV104,38.93,3.24,51.6,0.47,0.12,Downhill,35.78,18.31,369.67,Clear
2025-04-22 16:55:00,EV104,47.33,3.94,51.24,0.52,0.39,Flat,31.94,9.31,371.78,Cloudy
2025-04-22 17:00:00,EV104,41.8,3.48,50.99,0.16,0.33,Downhill,26.09,5.85,371.35,Cloudy
2025-04-22 17:05:00,EV104,43.65,3.64,50.58,0.24,0.73,Uphill,32.29,7.68,367.92,Sunny
2025-04-22 17:10:00,EV104,57.01,4.75,50.31,0.43,0.36,Uphill,35.03,14.49,364.44,Cloudy
2025-04-22 17:15:00,EV104,32.93,2.74,49.88,0.6,0.25,Hilly,33.29,14.6,367.05,Rainy
2025-04-22 17:20:00,EV104,40.9,3.41,49.48,0.55,0.45,Hilly,26.7,12.62,365.89,Sunny
2025-04-22 17:25:00,EV104,43.53,3.63,49.08,0.51,0.4,Downhill,33.59,7.51,362.31,Clear
2025-04-22 17:30:00,EV104,40.48,3.37,48.92,0.77,0.19,Flat,30.78,18.76,365.91,Foggy
2025-04-22 17:35:00,EV104,45.0,3.75,48.69,0.33,0.21,Uphill,28.23,12.12,368.16,Cloudy
2025-04-22 17:40:00,EV104,47.13,3.93,48.51,0.84,0.25,Uphill,36.5,17.39,371.74,Rainy
2025-04-22 17:45:00,EV104,31.17,2.6,48.17,0.52,0.37,Uphill,35.47,17.6,374.11,Rainy
2025-04-22 17:50:00,EV104,62.68,5.22,47.82,0.6,0.47,Flat,37.45,7.4,371.2,Sunny
2025-04-22 17:55:00,EV104,46.45,3.87,47.46,0.65,0.16,Downhill,36.41,17.98,370.36,Cloudy
2025-04-22 18:00:00,EV104,46.35,3.86,46.99,0.46,0.14,Uphill,38.12,13.16,375.34,Foggy
2025-04-22 18:05:00,EV104,42.2,3.52,46.53,0.23,0.41,Hilly,34.27,7.62,374.63,Cloudy
2025-04-22 18:10:00,EV104,49.52,4.13,46.33,0.58,0.42,Uphill,37.5,9.02,370.02,Cloudy
2025-04-22 18:15:00,EV104,35.53,2.96,45.89,0.87,0.0,Hilly,27.64,10.57,374.67,Rainy
2025-04-22 18:20:00,EV104,41.62,3.47,45.64,0.39,0.35,Uphill,33.37,14.1,369.67,Sunny
2025-04-22 18:25:00,EV104,34.45,2.87,45.27,0.61,0.16,Uphill,34.28,5.3,366.63,Foggy
2025-04-22 18:30:00,EV104,57.44,4.79,44.94,0.48,0.47,Downhill,30.68,9.19,365.13,Clear
2025-04-22 18:35:00,EV104,32.45,2.7,44.77,0.24,0.27,Hilly,38.52,7.89,368.68,Rainy
2025-04-22 18:40:00,EV104,51.1,4.26,44.38,0.44,0.45,Hilly,25.17,17.38,371.1,Foggy
2025-04-22 18:45:00,EV104,55.53,4.63,44.06,0.4,0.0,Flat,28.22,17.47,366.5,Cloudy
2025-04-22 18:50:00,EV104,37.58,3.13,43.64,0.49,0.14,Hilly,33.11,16.94,368.2,Clear
2025-04-22 18:55:00,EV104,38.49,3.21,43.29,0.77,0.31,Uphill,30.95,8.75,370.02,Clear
2025-04-22 19:00:00,EV104,51.73,4.31,43.06,0.58,0.22,Downhill,36.49,6.7,365.29,Clear
2025-04-22 19:05:00,EV104,37.63,3.14,42.8,0.65,0.56,Uphill,25.74,6.54,369.29,Clear
2025-04-22 19:10:00,EV104,44.46,3.7,42.64,0.57,0.21,Downhill,33.66,17.11,373.96,Clear
2025-04-22 19:15:00,EV104,53.89,4.49,42.32,0.7,0.42,Flat,36.2,18.22,374.0,Clear
2025-04-22 19:20:00,EV104,31.34,2.61,41.96,0.55,0.46,Hilly,29.35,15.04,378.11,Rainy
2025-04-22 19:25:00,EV104,53.62,4.47,41.48,0.32,0.0,Flat,38.4,8.72,379.46,Rainy
2025-04-22 19:30:00,EV104,63.42,5.29,41.25,0.56,0.1,Flat,30.24,6.41,374.9,Rainy
2025-04-22 19:35:00,EV104,50.79,4.23,40.97,0.6,0.25,Flat,26.03,6.22,372.07,Clear
2025-04-22 19:40:00,EV104,60.97,5.08,40.75,0.73,0.51,Hilly,35.58,11.27,369.39,Foggy
2025-04-22 19:45:00,EV104,46.13,3.84,40.5,0.43,0.62,Uphill,33.75,8.05,365.52,Foggy
2025-04-22 19:50:00,EV104,32.4,2.7,40.03,0.14,0.66,Uphill,36.21,8.78,366.95,Clear
2025-04-22 19:55:00,EV104,50.48,4.21,39.68,0.61,0.41,Hilly,35.25,19.29,366.42,Foggy
2025-04-22 20:00:00,EV104,41.34,3.44,39.5,0.59,0.35,Hilly,28.85,5.44,366.48,Sunny
2025-04-22 20:05:00,EV104,44.18,3.68,39.17,0.16,0.31,Flat,27.54,15.98,370.74,Sunny
2025-04-22 20:10:00,EV104,42.36,3.53,38.8,0.27,0.18,Uphill,32.75,11.65,373.91,Foggy
2025-04-22 20:15:00,EV104,30.6,2.55,38.49,0.59,0.11,Uphill,26.46,18.11,370.67,Sunny
2025-04-22 20:20:00,EV104,42.96,3.58,38.26,0.48,0.33,Hilly,25.83,13.45,374.57,Sunny
2025-04-22 20:25:00,EV104,43.18,3.6,37.82,0.44,0.39,Downhill,36.39,16.99,378.5,Cloudy
2025-04-22 20:30:00,EV104,46.95,3.91,37.57,0.29,0.86,Downhill,31.27,9.26,376.57,Clear
2025-04-22 20:35:00,EV104,45.85,3.82,37.41,0.38,0.32,Hilly,34.27,12.32,378.93,Sunny
2025-04-22 20:40:00,EV104,46.71,3.89,37.14,0.61,0.31,Uphill,32.58,17.85,379.85,Clear
2025-04-22 20:45:00,EV104,30.27,2.52,37.0,0.34,0.56,Hilly,37.18,12.35,379.3,Clear
2025-04-22 20:50:00,EV104,50.92,4.24,36.54,0.54,0.47,Uphill,34.41,17.5,382.32,Foggy
2025-04-22 20:55:00,EV104,44.65,3.72,36.4,0.54,0.0,Flat,29.67,14.18,377.38,Cloudy
2025-04-22 21:00:00,EV104,53.56,4.46,36.17,0.77,0.1,Uphill,33.27,14.17,378.24,Sunny
2025-04-22 21:05:00,EV104,66.89,5.57,35.99,0.41,0.26,Downhill,33.23,19.37,376.06,Clear
2025-04-22 21:10:00,EV104,47.67,3.97,35.88,0.34,0.41,Hilly,36.2,7.89,377.27,Clear
2025-04-22 21:15:00,EV104,40.12,3.34,35.65,0.76,0.74,Uphill,29.64,7.16,380.27,Clear
2025-04-22 21:20:00,EV104,48.07,4.01,35.37,0.41,0.37,Hilly,31.21,15.68,378.73,Cloudy
2025-04-22 21:25:00,EV104,56.36,4.7,34.88,0.66,0.17,Downhill,34.33,13.05,383.33,Clear
2025-04-22 21:30:00,EV104,41.05,3.42,34.39,0.39,0.27,Flat,36.82,11.18,381.84,Cloudy
2025-04-22 21:35:00,EV104,50.55,4.21,34.29,0.6,0.04,Downhill,38.85,12.87,385.22,Rainy
2025-04-22 21:40:00,EV104,54.11,4.51,33.99,0.52,0.0,Downhill,28.92,15.22,382.63,Sunny
2025-04-22 21:45:00,EV104,36.42,3.04,33.79,0.46,0.0,Flat,37.36,12.38,383.16,Clear
2025-04-22 21:50:00,EV104,43.85,3.65,33.5,0.62,0.43,Downhill,36.21,9.62,386.19,Rainy
2025-04-22 21:55:00,EV104,64.91,5.41,33.13,0.91,0.43,Flat,38.61,15.73,382.75,Cloudy
2025-04-22 22:00:00,EV104,40.47,3.37,32.76,0.45,0.24,Flat,25.21,10.89,387.6,Rainy
2025-04-22 22:05:00,EV104,57.89,4.82,32.33,0.66,0.0,Hilly,38.61,12.67,387.2,Clear
2025-04-22 22:10:00,EV104,45.49,3.79,32.04,0.54,0.46,Downhill,33.7,19.15,386.72,Clear
2025-04-22 22:15:00,EV104,43.28,3.61,31.63,0.67,0.48,Uphill,35.47,18.9,391.25,Foggy
2025-04-22 22:20:00,EV104,47.69,3.97,31.24,0.09,0.66,Hilly,37.91,8.94,392.43,Clear
2025-04-22 22:25:00,EV104,42.9,3.58,30.87,0.75,0.25,Hilly,31.82,5.25,395.3,Cloudy
2025-04-22 22:30:00,EV104,48.81,4.07,30.62,0.76,0.0,Uphill,38.27,15.53,393.64,Sunny
2025-04-22 22:35:00,EV104,35.88,2.99,30.41,0.4,0.51,Flat,35.23,14.65,393.95,Cloudy
2025-04-22 06:00:00,EV105,41.91,3.49,95.7,0.22,0.39,Uphill,35.6,17.58,356.5,Rainy
2025-04-22 06:05:00,EV105,46.91,3.91,95.55,0.62,0.27,Downhill,26.5,18.11,358.23,Clear
2025-04-22 06:10:00,EV105,31.48,2.62,95.2,0.22,0.19,Uphill,29.66,16.68,355.12,Cloudy
2025-04-22 06:15:00,EV105,56.28,4.69,94.82,0.35,0.15,Hilly,29.59,19.66,359.61,Cloudy
2025-04-22 06:20:00,EV105,50.33,4.19,94.68,0.5,0.18,Hilly,39.99,6.63,361.93,Sunny
2025-04-22 06:25:00,EV105,57.45,4.79,94.47,0.47,0.69,Uphill,28.12,13.52,361.87,Sunny
2025-04-22 06:30:00,EV105,63.1,5.26,94.17,0.17,0.46,Downhill,38.2,12.64,362.23,Sunny
2025-04-22 06:35:00,EV105,40.04,3.34,93.85,0.6,0.24,Flat,26.72,11.95,366.55,Cloudy
2025-04-22 06:40:00,EV105,50.57,4.21,93.6,0.52,0.48,Uphill,33.21,6.08,364.96,Clear
2025-04-22 06:45:00,EV105,58.03,4.84,93.33,0.39,0.25,Downhill,31.06,13.5,368.61,Cloudy
2025-04-22 06:50:00,EV105,35.28,2.94,93.04,0.49,0.13,Hilly,32.51,15.47,367.06,Cloudy
2025-04-22 06:55:00,EV105,28.02,2.34,92.68,0.37,0.39,Downhill,26.49,11.41,364.49,Sunny
2025-04-22 07:00:00,EV105,43.09,3.59,92.2,0.44,0.39,Hilly,36.35,11.3,364.65,Foggy
2025-04-22 07:05:00,EV105,15.39,1.28,91.82,0.56,0.34,Flat,28.27,12.03,368.37,Foggy
2025-04-22 07:10:00,EV105,48.65,4.05,91.54,0.33,0.58,Downhill,32.64,15.39,370.49,Foggy
2025-04-22 07:15:00,EV105,29.61,2.47,91.33,0.29,0.27,Uphill,36.4,6.61,366.53,Sunny
2025-04-22 07:20:00,EV105,48.32,4.03,91.23,0.55,0.03,Downhill,38.73,17.38,369.21,Cloudy
2025-04-22 07:25:00,EV105,46.2,3.85,90.84,0.17,0.29,Uphill,27.5,12.81,370.06,Foggy
2025-04-22 07:30:00,EV105,34.95,2.91,90.56,0.52,0.21,Downhill,36.79,14.12,374.28,Clear
2025-04-22 07:35:00,EV105,40.1,3.34,90.14,0.3,0.28,Downhill,27.19,6.54,371.89,Foggy
2025-04-22 07:40:00,EV105,58.7,4.89,89.7,0.38,0.25,Downhill,34.14,12.59,368.82,Foggy
2025-04-22 07:45:00,EV105,53.34,4.44,89.48,0.34,0.54,Flat,30.91,15.83,364.24,Rainy
2025-04-22 07:50:00,EV105,43.08,3.59,89.14,0.29,0.33,Flat,34.46,9.67,367.45,Cloudy
2025-04-22 07:55:00,EV105,60.12,5.01,88.89,0.35,0.3,Hilly,29.2,11.87,367.2,Cloudy
2025-04-22 08:00:00,EV105,34.43,2.87,88.51,0.24,0.53,Hilly,39.24,7.52,364.32,Foggy
2025-04-22 08:05:00,EV105,51.18,4.27,88.11,0.4,0.23,Hilly,38.51,12.52,365.96,Foggy
2025-04-22 08:10:00,EV105,49.66,4.14,87.73,0.45,0.03,Flat,38.85,12.12,368.77,Foggy
2025-04-22 08:15:00,EV105,47.61,3.97,87.5,0.59,0.25,Hilly,33.03,19.72,366.52,Rainy
2025-04-22 08:20:00,EV105,47.83,3.99,87.05,1.05,0.33,Hilly,25.41,14.69,366.36,Cloudy
2025-04-22 08:25:00,EV105,67.94,5.66,86.87,0.49,0.34,Hilly,29.49,13.05,362.3,Rainy
2025-04-22 08:30:00,EV105,42.03,3.5,86.52,0.32,0.03,Flat,26.73,6.3,366.64,Rainy
2025-04-22 08:35:00,EV105,49.75,4.15,86.03,0.45,0.57,Hilly,25.96,16.9,366.05,Foggy
2025-04-22 08:40:00,EV105,45.57,3.8,85.58,0.6,0.29,Uphill,33.21,19.45,363.09,Rainy
2025-04-22 08:45:00,EV105,42.95,3.58,85.37,0.76,0.45,Hilly,34.58,13.61,367.82,Foggy
2025-04-22 08:50:00,EV105,67.02,5.59,85.23,0.53,0.42,Flat,28.67,7.44,363.08,Clear
2025-04-22 08:55:00,EV105,47.19,3.93,84.81,0.15,0.56,Hilly,34.72,13.31,364.28,Sunny
2025-04-22 09:00:00,EV105,29.42,2.45,84.68,0.41,0.42,Downhill,27.49,18.62,359.29,Foggy
2025-04-22 09:05:00,EV105,45.93,3.83,84.52,0.49,0.22,Flat,26.35,8.24,363.52,Sunny
2025-04-22 09:10:00,EV105,48.46,4.04,84.07,0.48,0.03,Downhill,29.53,7.69,362.81,Foggy
2025-04-22 09:15:00,EV105,52.76,4.4,83.96,0.28,0.74,Hilly,35.12,15.91,367.39,Foggy
2025-04-22 09:20:00,EV105,39.08,3.26,83.48,0.47,0.3,Downhill,39.5,13.9,368.71,Sunny
2025-04-22 09:25:00,EV105,50.05,4.17,83.32,0.27,0.74,Uphill,38.9,7.39,367.12,Clear
2025-04-22 09:30:00,EV105,31.15,2.6,82.95,0.06,0.25,Downhill,31.96,13.18,366.29,Foggy
2025-04-22 09:35:00,EV105,43.88,3.66,82.63,0.4,0.41,Flat,37.47,10.84,364.64,Cloudy
2025-04-22 09:40:00,EV105,51.59,4.3,82.48,0.57,0.46,Hilly,25.75,5.01,369.62,Sunny
2025-04-22 09:45:00,EV105,51.56,4.3,82.37,0.49,0.14,Flat,28.53,13.64,366.84,Rainy
2025-04-22 09:50:00,EV105,44.71,3.73,82.12,0.46,0.44,Uphill,35.43,13.83,365.89,Clear
2025-04-22 09:55:00,EV105,27.61,2.3,81.9,0.33,0.52,Hilly,28.58,18.78,362.75,Cloudy
2025-04-22 10:00:00,EV105,54.34,4.53,81.76,0.36,0.36,Hilly,26.72,14.73,358.59,Clear
2025-04-22 10:05:00,EV105,68.64,5.72,81.62,0.48,0.41,Flat,31.29,8.39,361.51,Rainy
2025-04-22 10:10:00,EV105,55.42,4.62,81.14,0.89,0.0,Flat,30.56,14.79,361.13,Sunny
2025-04-22 10:15:00,EV105,50.28,4.19,80.85,0.46,0.44,Flat,37.2,19.3,364.68,Clear
2025-04-22 10:20:00,EV105,50.08,4.17,80.51,0.7,0.1,Downhill,32.07,19.56,361.75,Sunny
2025-04-22 10:25:00,EV105,35.01,2.92,80.03,0.46,0.45,Uphill,30.84,18.62,360.06,Sunny
2025-04-22 10:30:00,EV105,35.27,2.94,79.57,0.63,0.37,Flat,26.46,10.11,357.63,Foggy
2025-04-22 10:35:00,EV105,48.61,4.05,79.23,0.47,0.28,Flat,37.99,19.92,356.48,Sunny
2025-04-22 10:40:00,EV105,53.67,4.47,78.94,0.17,0.38,Hilly,28.02,10.06,359.71,Clear
2025-04-22 10:45:00,EV105,28.63,2.39,78.81,1.0,0.39,Downhill,33.24,7.57,364.47,Cloudy
2025-04-22 10:50:00,EV105,42.39,3.53,78.59,0.05,0.35,Hilly,29.89,14.56,368.6,Clear
2025-04-22 10:55:00,EV105,55.42,4.62,78.21,0.67,0.24,Hilly,28.54,5.16,372.51,Cloudy
2025-04-22 11:00:00,EV105,53.62,4.47,78.01,0.67,0.47,Downhill,39.0,9.27,370.01,Foggy
2025-04-22 11:05:00,EV105,27.72,2.31,77.66,0.44,0.42,Hilly,25.2,13.22,369.24,Cloudy
2025-04-22 11:10:00,EV105,43.1,3.59,77.22,0.15,0.64,Uphill,33.43,16.11,365.78,Foggy
2025-04-22 11:15:00,EV105,38.92,3.24,77.11,0.26,0.43,Downhill,27.68,10.57,368.85,Foggy
2025-04-22 11:20:00,EV105,61.99,5.17,76.94,0.36,0.5,Uphill,27.0,16.52,371.13,Sunny
2025-04-22 11:25:00,EV105,36.57,3.05,76.81,0.56,0.38,Flat,25.99,14.88,371.48,Sunny
2025-04-22 11:30:00,EV105,39.88,3.32,76.42,0.51,0.05,Flat,30.03,18.21,369.99,Foggy
2025-04-22 11:35:00,EV105,45.67,3.81,76.26,0.9,0.0,Uphill,28.52,18.65,372.89,Cloudy
2025-04-22 11:40:00,EV105,59.5,4.96,76.0,0.21,0.35,Flat,27.27,11.04,376.08,Rainy
2025-04-22 11:45:00,EV105,43.42,3.62,75.76,0.35,0.39,Downhill,32.01,16.0,375.37,Sunny
2025-04-22 11:50:00,EV105,44.71,3.73,75.56,0.17,0.31,Flat,39.46,13.04,376.74,Clear
2025-04-22 11:55:00,EV105,35.5,2.96,75.45,0.62,0.11,Hilly,25.36,9.33,381.57,Rainy
2025-04-22 12:00:00,EV105,32.78,2.73,74.98,0.13,0.0,Uphill,29.7,9.4,385.92,Foggy
2025-04-22 12:05:00,EV105,23.93,1.99,74.68,0.39,0.92,Downhill,27.77,13.62,384.68,Rainy
2025-04-22 12:10:00,EV105,47.36,3.95,74.35,0.4,0.09,Downhill,27.07,15.77,381.05,Foggy
2025-04-22 12:15:00,EV105,55.24,4.6,74.0,0.45,0.4,Hilly,25.89,19.16,380.49,Clear
2025-04-22 12:20:00,EV105,42.93,3.58,73.8,0.57,0.24,Hilly,35.43,6.69,385.45,Clear
2025-04-22 12:25:00,EV105,51.81,4.32,73.37,0.79,0.42,Flat,32.2,17.27,388.46,Foggy
2025-04-22 12:30:00,EV105,17.13,1.43,73.27,0.35,0.16,Flat,36.34,17.76,385.98,Foggy
2025-04-22 12:35:00,EV105,43.94,3.66,72.84,0.72,0.54,Uphill,38.74,17.25,388.3,Rainy
2025-04-22 12:40:00,EV105,36.18,3.02,72.43,0.37,0.59,Flat,27.45,5.53,385.86,Foggy
2025-04-22 12:45:00,EV105,56.3,4.69,72.22,0.86,0.0,Flat,30.06,8.29,390.81,Cloudy
2025-04-22 12:50:00,EV105,45.58,3.8,71.73,0.84,0.0,Hilly,32.25,6.21,392.57,Clear
2025-04-22 12:55:00,EV105,44.29,3.69,71.25,0.19,0.13,Flat,32.0,19.71,396.99,Rainy
2025-04-22 13:00:00,EV105,49.55,4.13,70.93,0.32,0.78,Hilly,33.01,8.9,396.72,Rainy
2025-04-22 13:05:00,EV105,45.19,3.77,70.81,0.1,0.01,Uphill,39.43,7.18,393.66,Cloudy
2025-04-22 13:10:00,EV105,44.31,3.69,70.42,0.78,0.05,Uphill,30.94,14.43,392.67,Cloudy
2025-04-22 13:15:00,EV105,39.95,3.33,70.15,0.68,0.44,Uphill,25.59,11.0,396.65,Rainy
2025-04-22 13:20:00,EV105,51.97,4.33,69.69,0.41,0.57,Uphill,32.78,18.23,392.84,Foggy
2025-04-22 13:25:00,EV105,52.59,4.38,69.26,0.55,0.42,Uphill,27.19,10.63,389.23,Clear
2025-04-22 13:30:00,EV105,55.93,4.66,68.98,0.56,0.3,Flat,34.95,10.08,393.08,Rainy
2025-04-22 13:35:00,EV105,41.89,3.49,68.75,0.64,0.36,Hilly,31.77,12.11,390.69,Foggy
2025-04-22 13:40:00,EV105,27.91,2.33,68.47,0.36,0.33,Uphill,36.79,8.61,387.82,Cloudy
2025-04-22 13:45:00,EV105,44.85,3.74,68.15,0.68,0.25,Hilly,30.5,5.09,383.43,Rainy
2025-04-22 13:50:00,EV105,55.93,4.66,67.83,0.58,0.0,Hilly,27.34,12.14,385.27,Cloudy
2025-04-22 13:55:00,EV105,43.07,3.59,67.34,0.51,0.0,Hilly,25.6,16.31,382.35,Rainy
2025-04-22 14:00:00,EV105,32.36,2.7,67.04,0.35,0.34,Flat,26.69,5.79,384.9,Rainy
2025-04-22 14:05:00,EV105,54.22,4.52,66.81,0.68,0.08,Flat,27.93,16.18,380.99,Rainy
2025-04-22 14:10:00,EV105,45.9,3.83,66.55,0.33,0.76,Hilly,29.78,16.58,382.64,Sunny
2025-04-22 14:15:00,EV105,54.7,4.56,66.24,0.6,0.25,Hilly,27.8,5.98,381.91,Cloudy
2025-04-22 14:20:00,EV105,26.04,2.17,65.82,0.7,0.15,Uphill,39.54,7.09,385.81,Cloudy
2025-04-22 14:25:00,EV105,38.4,3.2,65.71,0.27,0.72,Hilly,28.73,12.96,382.2,Rainy
2025-04-22 14:30:00,EV105,49.74,4.14,65.26,0.75,0.07,Uphill,25.8,14.54,379.61,Cloudy
2025-04-22 14:35:00,EV105,63.93,5.33,64.93,0.66,0.47,Flat,33.95,13.76,379.87,Foggy
2025-04-22 14:40:00,EV105,46.22,3.85,64.81,0.11,0.03,Hilly,37.7,7.47,382.98,Cloudy
2025-04-22 14:45:00,EV105,38.56,3.21,64.38,0.56,0.54,Downhill,26.41,14.55,382.72,Clear
2025-04-22 14:50:00,EV105,41.18,3.43,63.98,0.27,0.41,Downhill,39.03,17.28,387.08,Cloudy
2025-04-22 14:55:00,EV105,46.25,3.85,63.8,0.56,0.12,Flat,32.07,9.69,390.46,Clear
2025-04-22 15:00:00,EV105,53.41,4.45,63.41,0.54,0.27,Downhill,29.24,12.22,392.4,Sunny
2025-04-22 15:05:00,EV105,36.97,3.08,62.95,0.61,0.53,Downhill,31.21,11.0,396.53,Foggy
2025-04-22 15:10:00,EV105,41.68,3.47,62.67,0.37,0.22,Hilly,25.85,15.15,396.57,Cloudy
2025-04-22 15:15:00,EV105,39.59,3.3,62.29,0.2,0.54,Uphill,35.8,9.5,394.37,Sunny
2025-04-22 15:20:00,EV105,52.04,4.34,61.81,0.29,0.71,Hilly,27.75,18.7,397.87,Rainy
2025-04-22 15:25:00,EV105,43.84,3.65,61.56,0.67,0.0,Downhill,27.44,10.12,396.66,Clear
2025-04-22 15:30:00,EV105,63.8,5.32,61.33,0.28,0.24,Hilly,26.68,5.06,392.54,Rainy
2025-04-22 15:35:00,EV105,52.37,4.36,61.21,0.53,0.3,Downhill,30.17,19.8,396.33,Sunny
2025-04-22 15:40:00,EV105,34.45,2.87,60.79,0.27,0.44,Flat,32.67,18.1,396.77,Foggy
2025-04-22 15:45:00,EV105,52.12,4.34,60.35,0.46,0.6,Hilly,37.73,8.43,396.46,Clear
2025-04-22 15:50:00,EV105,58.65,4.89,60.07,0.56,0.35,Downhill,38.27,5.74,398.19,Sunny
2025-04-22 15:55:00,EV105,34.02,2.84,59.81,0.56,0.13,Downhill,35.41,12.5,401.53,Clear
2025-04-22 16:00:00,EV105,40.94,3.41,59.68,0.73,0.05,Flat,30.66,16.11,403.39,Foggy
2025-04-22 16:05:00,EV105,56.54,4.71,59.39,0.35,0.14,Hilly,38.66,7.88,398.76,Cloudy
2025-04-22 16:10:00,EV105,52.5,4.37,59.14,0.61,0.13,Downhill,35.56,12.49,394.84,Rainy
2025-04-22 16:15:00,EV105,44.3,3.69,59.04,0.41,0.39,Downhill,34.66,11.02,391.61,Clear
2025-04-22 16:20:00,EV105,49.98,4.17,58.61,0.51,0.09,Hilly,27.36,6.84,387.73,Clear
2025-04-22 16:25:00,EV105,50.11,4.18,58.5,0.44,0.35,Hilly,39.22,19.73,392.38,Sunny
2025-04-22 16:30:00,EV105,45.17,3.76,58.13,0.29,0.27,Downhill,39.42,13.9,392.93,Sunny
2025-04-22 16:35:00,EV105,18.95,1.58,57.87,0.42,0.44,Flat,38.36,8.78,388.4,Foggy
2025-04-22 16:40:00,EV105,56.44,4.7,57.52,0.56,0.39,Flat,35.32,14.95,388.0,Clear
2025-04-22 16:45:00,EV105,56.97,4.75,57.27,0.6,0.38,Flat,26.4,18.76,390.72,Clear
2025-04-22 16:50:00,EV105,46.3,3.86,56.82,0.69,0.0,Hilly,28.04,19.56,393.68,Clear
2025-04-22 16:55:00,EV105,46.29,3.86,56.43,0.63,0.38,Hilly,30.03,10.76,397.77,Rainy
2025-04-22 17:00:00,EV105,46.62,3.88,56.33,0.61,0.08,Flat,26.48,17.08,392.91,Sunny
2025-04-22 17:05:00,EV105,45.6,3.8,55.91,0.38,0.42,Uphill,38.18,7.22,390.47,Sunny
2025-04-22 17:10:00,EV105,39.9,3.32,55.59,0.38,0.51,Flat,38.25,9.76,390.11,Clear
2025-04-22 17:15:00,EV105,48.22,4.02,55.46,0.68,0.46,Hilly,32.23,5.07,392.71,Clear
2025-04-22 17:20:00,EV105,79.27,6.61,55.11,0.49,0.09,Hilly,26.09,18.76,387.79,Rainy
2025-04-22 17:25:00,EV105,47.83,3.99,54.85,0.89,0.09,Uphill,29.86,14.72,390.68,Sunny
2025-04-22 17:30:00,EV105,44.6,3.72,54.61,0.27,0.28,Flat,30.72,15.27,390.1,Clear
2025-04-22 17:35:00,EV105,71.18,5.93,54.33,0.36,0.31,Flat,27.45,12.07,395.05,Sunny
2025-04-22 17:40:00,EV105,51.98,4.33,53.96,0.58,0.54,Flat,28.62,10.2,399.83,Clear
2025-04-22 17:45:00,EV105,49.99,4.17,53.51,0.56,0.11,Flat,37.82,12.17,399.59,Foggy
2025-04-22 17:50:00,EV105,38.95,3.25,53.26,0.6,0.33,Hilly,37.75,18.85,397.21,Cloudy
2025-04-22 17:55:00,EV105,55.92,4.66,53.1,0.77,0.27,Downhill,26.41,14.74,395.27,Cloudy
2025-04-22 18:00:00,EV105,27.18,2.26,52.64,0.42,0.22,Flat,36.47,18.26,394.74,Sunny
2025-04-22 18:05:00,EV105,55.87,4.66,52.26,0.33,0.45,Uphill,36.1,9.7,390.92,Foggy
2025-04-22 18:10:00,EV105,45.62,3.8,51.86,0.75,0.77,Uphill,37.09,19.98,390.15,Clear
2025-04-22 18:15:00,EV105,48.61,4.05,51.74,0.68,0.36,Flat,35.55,14.5,386.71,Clear
2025-04-22 18:20:00,EV105,38.22,3.19,51.24,0.38,0.15,Downhill,32.03,11.57,384.11,Sunny
2025-04-22 18:25:00,EV105,48.78,4.07,50.79,0.37,0.31,Uphill,39.43,12.6,384.75,Sunny
2025-04-22 18:30:00,EV105,45.11,3.76,50.44,0.66,0.47,Flat,38.78,19.92,385.71,Foggy
2025-04-22 18:35:00,EV105,44.54,3.71,50.25,0.79,0.53,Uphill,34.91,5.46,380.83,Sunny
2025-04-22 18:40:00,EV105,52.76,4.4,49.99,0.93,0.51,Hilly,36.54,11.41,382.76,Rainy
2025-04-22 18:45:00,EV105,44.8,3.73,49.53,0.41,0.28,Hilly,32.2,7.86,386.93,Cloudy
2025-04-22 18:50:00,EV105,46.43,3.87,49.08,0.34,0.55,Hilly,39.88,18.15,383.22,Clear
2025-04-22 18:55:00,EV105,43.87,3.66,48.85,0.22,0.2,Flat,31.0,13.22,387.07,Clear
2025-04-22 19:00:00,EV105,17.9,1.49,48.58,0.23,0.24,Downhill,37.24,14.51,389.26,Clear
2025-04-22 19:05:00,EV105,60.14,5.01,48.28,0.57,0.21,Downhill,26.66,18.44,388.82,Cloudy
2025-04-22 19:10:00,EV105,57.63,4.8,47.92,0.41,0.45,Flat,39.75,11.52,393.06,Clear
2025-04-22 19:15:00,EV105,55.35,4.61,47.56,0.34,0.45,Flat,39.7,10.24,388.32,Clear
2025-04-22 19:20:00,EV105,55.1,4.59,47.29,0.41,0.43,Flat,37.93,13.5,388.22,Cloudy
2025-04-22 19:25:00,EV105,45.75,3.81,46.94,0.91,0.46,Uphill,27.17,8.87,388.29,Foggy
2025-04-22 19:30:00,EV105,50.84,4.24,46.7,0.6,0.86,Downhill,32.61,17.25,383.78,Clear
2025-04-22 19:35:00,EV105,33.41,2.78,46.49,0.65,0.34,Flat,29.67,12.35,384.58,Sunny
2025-04-22 19:40:00,EV105,55.22,4.6,46.2,0.98,0.13,Flat,33.0,7.69,387.93,Cloudy
2025-04-22 19:45:00,EV105,18.66,1.56,45.84,0.36,0.56,Uphill,36.77,15.22,391.53,Sunny
2025-04-22 19:50:00,EV105,35.67,2.97,45.69,0.68,0.02,Uphill,30.22,12.58,389.29,Foggy
2025-04-22 19:55:00,EV105,39.21,3.27,45.36,0.54,0.1,Downhill,27.67,10.51,386.68,Foggy
2025-04-22 20:00:00,EV105,52.44,4.37,45.03,0.79,0.19,Uphill,38.28,15.59,382.89,Foggy
2025-04-22 20:05:00,EV105,71.66,5.97,44.54,0.36,0.29,Downhill,28.08,11.52,379.23,Foggy
2025-04-22 20:10:00,EV105,50.16,4.18,44.18,0.48,0.26,Uphill,26.9,9.2,376.08,Cloudy
2025-04-22 20:15:00,EV105,42.53,3.54,43.76,0.26,0.12,Uphill,30.24,17.17,375.87,Rainy
2025-04-22 20:20:00,EV105,44.91,3.74,43.3,0.32,0.37,Flat,38.79,6.57,377.33,Clear
2025-04-22 20:25:00,EV105,44.13,3.68,43.06,0.07,0.34,Uphill,26.84,6.74,377.18,Sunny
2025-04-22 20:30:00,EV105,48.96,4.08,42.65,0.65,0.53,Downhill,39.09,17.37,373.61,Cloudy
2025-04-22 20:35:00,EV105,64.25,5.35,42.36,0.39,0.51,Hilly,34.57,9.81,373.87,Clear
2025-04-22 20:40:00,EV105,46.22,3.85,42.16,0.45,0.17,Uphill,25.85,18.0,369.82,Cloudy
2025-04-22 20:45:00,EV105,43.94,3.66,42.03,1.04,0.0,Flat,30.42,8.45,367.24,Rainy
2025-04-22 20:50:00,EV105,51.37,4.28,41.85,0.41,0.79,Flat,30.92,6.36,371.59,Rainy
2025-04-22 20:55:00,EV105,27.07,2.26,41.66,0.72,0.24,Flat,36.58,5.37,369.34,Rainy
2025-04-22 21:00:00,EV105,40.41,3.37,41.36,0.54,0.29,Downhill,25.96,7.08,370.52,Clear
2025-04-22 21:05:00,EV105,27.38,2.28,41.12,0.14,0.26,Flat,26.35,11.08,370.5,Sunny
2025-04-22 21:10:00,EV105,56.85,4.74,40.7,0.54,0.0,Uphill,25.11,16.13,371.72,Sunny
2025-04-22 21:15:00,EV105,38.29,3.19,40.58,0.38,0.53,Hilly,36.75,17.54,371.3,Clear
2025-04-22 21:20:00,EV105,52.33,4.36,40.42,0.58,0.28,Uphill,36.59,12.85,368.71,Clear
2025-04-22 21:25:00,EV105,40.43,3.37,40.0,0.41,0.16,Downhill,34.77,5.02,370.44,Foggy
2025-04-22 21:30:00,EV105,29.14,2.43,39.61,0.6,0.39,Flat,39.8,11.3,375.34,Cloudy
2025-04-22 21:35:00,EV105,33.93,2.83,39.36,0.11,0.32,Downhill,38.16,8.62,380.03,Foggy
2025-04-22 21:40:00,EV105,37.71,3.14,38.94,0.19,0.34,Downhill,37.37,16.49,384.6,Cloudy
2025-04-22 21:45:00,EV105,29.36,2.45,38.7,0.48,0.37,Hilly,30.09,10.31,381.25,Cloudy
2025-04-22 21:50:00,EV105,40.58,3.38,38.25,0.62,0.45,Uphill,38.02,19.94,384.54,Sunny
2025-04-22 21:55:00,EV105,42.77,3.56,37.87,0.5,0.52,Flat,30.56,5.29,388.36,Rainy
2025-04-22 22:00:00,EV105,52.26,4.35,37.48,0.8,0.12,Flat,30.0,7.86,390.34,Cloudy
2025-04-22 22:05:00,EV105,57.68,4.81,37.37,0.68,0.16,Hilly,32.01,6.91,389.23,Foggy
2025-04-22 22:10:00,EV105,42.03,3.5,37.02,0.56,0.67,Flat,31.18,16.13,389.41,Clear
2025-04-22 22:15:00,EV105,38.44,3.2,36.72,0.27,0.31,Flat,29.95,10.12,386.62,Sunny
2025-04-22 22:20:00,EV105,33.42,2.79,36.37,0.37,0.69,Flat,37.08,19.93,385.12,Rainy
2025-04-22 22:25:00,EV105,41.01,3.42,36.25,0.62,0.5,Hilly,30.06,9.78,386.78,Rainy
2025-04-22 22:30:00,EV105,51.0,4.25,36.02,0.48,0.0,Flat,31.23,8.99,383.13,Foggy
2025-04-22 22:35:00,EV105,53.71,4.48,35.71,0.31,0.44,Hilly,34.23,13.18,381.09,Cloudy
